tractID,ARSON,ASSAULT,BATTERY,BURGLARY,CRIM SEXUAL ASSAULT,CRIMINAL DAMAGE,CRIMINAL TRESPASS,DECEPTIVE PRACTICE,GAMBLING,HOMICIDE,INTERFERENCE WITH PUBLIC OFFICER,INTIMIDATION,KIDNAPPING,LIQUOR LAW VIOLATION,MOTOR VEHICLE THEFT,NARCOTICS,OBSCENITY,OFFENSE INVOLVING CHILDREN,OTHER NARCOTIC VIOLATION,OTHER OFFENSE,PROSTITUTION,PUBLIC INDECENCY,PUBLIC PEACE VIOLATION,ROBBERY,SEX OFFENSE,STALKING,THEFT,WEAPONS VIOLATION,total
17031300600,1,21,56,20,0,51,10,4,1,0,0,1,0,0,21,19,0,3,0,26,0,0,10,19,6,0,48,2,319
17031030104,0,4,26,4,0,10,1,5,0,0,0,0,0,0,6,5,0,1,0,7,0,0,1,4,0,0,33,0,107
17031040100,0,10,35,15,1,53,6,9,0,0,0,0,0,3,13,15,0,0,0,23,0,0,6,3,0,0,59,2,253
17031260400,0,30,113,19,3,37,6,4,1,1,0,0,0,0,23,153,0,3,0,24,68,0,3,23,1,0,52,5,569
17031030101,0,19,58,13,1,28,13,11,0,0,2,0,0,1,3,30,0,1,0,23,0,0,5,13,0,0,117,3,341
17031071600,0,4,7,7,0,11,1,3,0,0,0,0,1,0,4,0,0,0,0,2,0,0,0,3,2,0,44,0,89
17031030103,1,7,11,0,0,12,7,5,0,0,0,0,0,0,3,3,0,1,0,8,0,0,1,5,5,0,19,0,88
17031030102,0,14,29,16,0,18,8,7,0,2,1,0,0,0,4,13,0,1,0,18,0,0,1,9,2,1,51,0,195
17031081401,0,20,39,3,5,13,28,60,0,0,0,0,0,0,13,10,0,0,0,18,18,0,3,13,3,1,258,2,507
17031740100,0,16,23,13,0,30,6,16,0,0,0,1,3,1,0,14,0,10,0,18,0,0,1,0,0,0,60,1,213
17031081403,0,12,39,12,1,34,20,56,0,0,0,3,0,3,6,8,0,0,0,19,26,0,6,17,0,0,294,1,557
17031670500,0,27,101,51,0,55,6,6,5,1,2,0,0,0,29,47,0,4,0,17,2,0,4,19,0,0,89,4,469
17031461000,0,30,59,24,0,56,12,21,0,1,0,1,0,2,19,32,1,0,0,28,2,0,3,30,1,0,146,0,468
17031834300,3,73,199,131,6,138,10,49,1,3,1,0,1,0,58,41,1,9,0,58,0,1,5,62,3,0,241,11,1105
17031611400,1,37,80,32,0,44,5,5,0,1,2,0,0,1,40,54,0,4,0,28,4,0,2,15,2,0,59,9,425
17031842300,1,15,77,18,1,114,10,25,0,0,0,0,1,0,48,15,0,0,0,29,1,0,1,10,2,1,413,1,783
17031050100,0,1,14,6,2,20,2,6,0,0,0,0,0,0,5,4,0,1,0,5,0,0,0,4,0,0,55,0,125
17031710500,1,83,198,103,9,75,35,23,0,1,2,0,0,0,27,141,0,7,0,65,1,0,8,58,1,0,148,17,1003
17031160200,1,8,35,16,1,36,3,7,0,0,0,0,1,0,26,8,0,4,0,22,0,0,2,6,3,0,59,0,238
17031243200,0,14,47,17,0,29,2,5,1,2,0,0,0,2,8,5,0,0,0,16,0,0,0,5,0,0,91,1,245
17031831400,0,56,151,39,10,70,18,22,0,2,1,1,0,3,57,247,0,6,0,54,49,0,10,48,2,0,133,18,997
17031231100,0,19,47,12,2,17,4,6,2,1,1,0,1,0,11,47,0,0,0,12,0,0,1,18,1,0,30,2,234
17031430500,1,67,213,79,5,111,31,34,0,2,6,0,0,1,35,114,0,4,0,93,0,0,5,47,3,0,139,15,1005
17031071200,0,9,70,13,0,49,7,13,0,0,2,0,1,5,10,18,0,2,0,18,1,0,3,17,3,0,160,0,401
17031660800,0,106,232,115,6,134,30,15,6,1,1,2,1,1,84,172,1,5,0,79,8,0,12,70,1,0,140,15,1237
17031081402,0,9,29,1,1,10,8,22,0,0,0,0,0,1,6,9,0,0,0,10,0,0,3,1,1,1,144,1,257
17031720100,0,16,24,19,1,21,11,27,0,0,0,0,2,0,5,3,0,2,0,11,0,0,1,5,0,1,106,1,256
17031380500,0,15,28,7,1,17,3,0,0,0,0,0,1,0,4,4,0,0,0,5,0,0,0,4,0,0,26,2,117
17031350400,0,14,37,1,1,9,14,0,0,0,0,0,0,0,6,7,0,2,0,5,1,0,0,2,0,0,15,0,114
17031260700,3,44,178,33,2,56,17,18,6,3,1,0,0,0,27,236,0,5,0,34,0,0,4,60,2,1,133,16,879
17031570500,0,9,32,13,0,27,1,11,0,0,0,0,2,1,21,12,0,4,0,9,0,0,1,17,0,0,45,0,205
17031750300,0,3,14,9,0,23,5,20,0,0,0,0,0,1,1,5,0,2,0,7,0,0,1,0,0,1,46,1,139
17031671200,1,35,152,18,2,58,10,1,5,2,2,1,0,0,13,88,0,3,0,19,0,0,7,31,2,0,93,18,561
17031834000,0,57,178,56,3,91,22,30,1,0,4,1,1,0,56,122,0,9,0,49,0,0,7,50,5,1,92,5,840
17031840100,0,11,15,20,0,24,3,2,0,0,0,0,0,0,4,6,0,0,0,8,1,0,1,3,0,0,29,1,128
17031560300,0,9,25,26,1,41,4,7,0,0,1,0,1,1,20,24,0,1,0,7,39,0,3,7,0,0,25,3,245
17031710800,2,83,256,69,3,98,48,29,2,3,3,1,5,0,40,207,0,13,0,91,8,0,19,68,4,0,187,23,1262
17031020100,0,15,38,19,1,41,2,11,0,0,2,0,0,0,11,21,0,2,0,21,0,0,0,7,2,1,59,0,253
17031062600,0,3,10,13,1,17,6,21,0,0,1,0,0,0,5,0,0,0,0,2,0,0,0,3,3,0,78,0,163
17031843000,3,79,210,66,4,92,28,11,11,1,4,2,1,2,59,489,0,1,0,48,2,0,5,48,3,1,196,11,1377
17031843900,0,46,171,29,2,90,30,41,1,0,1,0,0,1,41,82,0,10,0,51,5,0,12,29,3,0,168,5,818
17031640400,1,11,29,13,0,39,4,6,0,0,0,0,0,1,6,9,0,2,0,18,0,0,13,1,1,1,43,0,198
17031171100,1,8,26,35,1,47,7,2,0,1,0,0,0,2,25,15,0,2,0,14,0,0,2,4,1,1,51,0,245
17031350100,0,1,15,2,0,17,6,5,0,0,0,0,0,0,8,0,0,0,0,7,0,0,2,3,0,1,48,1,116
17031610300,0,43,134,30,3,80,20,24,0,0,2,1,0,2,67,71,0,8,0,51,3,0,5,15,5,1,200,6,771
17031140400,0,7,39,51,3,79,8,19,0,0,0,0,0,1,29,8,0,3,0,24,0,0,0,7,1,0,112,1,392
17031842800,2,30,107,46,2,71,6,18,0,4,2,0,1,3,91,60,0,6,0,31,45,0,11,27,5,0,121,8,697
17031283100,0,7,38,21,1,27,10,13,0,0,0,0,0,2,8,8,0,1,0,6,0,0,0,7,0,0,59,0,208
17031611700,2,24,123,58,0,53,10,5,2,0,1,0,0,3,29,98,0,5,0,20,0,0,7,10,2,0,35,14,501
17031100500,0,8,30,17,1,28,3,14,0,0,0,0,3,1,6,4,0,2,0,28,0,0,0,3,1,0,48,0,197
17031832500,0,19,51,34,1,43,27,19,0,0,0,0,0,4,11,6,0,0,0,12,0,0,2,16,0,0,283,0,528
17031420600,2,35,143,79,4,67,13,14,3,1,3,0,0,2,22,148,0,4,0,50,1,0,3,31,2,0,65,10,702
17031031502,0,24,61,4,1,30,15,14,0,0,1,0,0,2,13,63,0,2,0,22,3,0,2,9,1,0,60,2,329
17031230300,0,15,25,9,0,26,1,2,0,0,0,0,0,2,18,11,0,1,0,6,3,0,0,7,0,0,21,2,149
17031031501,0,19,54,10,4,26,4,14,1,0,3,0,0,2,8,77,0,0,0,14,1,0,6,8,0,0,60,4,315
17031470100,0,36,97,42,5,58,7,8,0,1,0,0,0,1,24,60,0,3,0,33,0,0,6,24,0,0,49,4,458
17031660500,0,28,92,48,3,71,10,7,0,0,1,0,0,1,50,33,0,3,0,40,5,0,1,39,4,0,102,7,545
17031310800,2,20,58,30,2,36,4,6,0,2,0,1,0,5,26,31,0,1,0,25,0,0,9,9,1,0,61,6,335
17031831700,1,9,40,22,1,23,4,14,0,0,0,0,1,1,22,16,0,0,0,8,2,0,2,9,0,0,178,0,353
17031251100,0,60,213,93,6,110,35,21,29,3,4,1,2,0,36,466,0,8,0,59,0,0,8,49,2,0,108,21,1334
17031460400,1,44,152,69,3,90,15,12,1,0,0,0,1,0,36,89,0,3,1,53,0,0,3,28,1,0,98,5,705
17031711300,0,13,59,26,0,28,1,9,0,2,1,0,0,0,11,7,0,2,0,18,1,0,0,11,0,0,55,3,247
17031160700,2,19,86,39,2,74,11,10,0,0,1,0,0,1,48,22,0,5,0,16,0,0,3,11,2,1,103,2,458
17031281900,0,16,76,13,1,35,21,50,0,0,2,1,1,3,24,37,3,2,0,94,1,0,6,27,0,0,332,1,746
17031251000,0,26,59,16,0,36,1,11,6,0,2,0,2,0,10,109,0,1,0,26,11,0,2,20,1,0,55,8,402
17031040900,0,4,12,10,1,22,1,3,0,0,0,0,0,0,6,0,0,2,0,7,0,1,1,5,3,2,61,0,141
17031580600,0,34,73,41,1,57,7,20,0,1,3,0,1,2,25,46,0,4,0,37,0,0,11,11,2,0,47,4,427
17031390500,0,8,21,21,0,17,6,6,0,0,0,0,0,0,9,14,0,0,0,8,0,0,2,13,0,0,31,0,156
17031200300,0,7,34,17,1,20,0,6,0,1,0,0,1,0,21,26,0,0,0,13,3,0,1,14,0,0,30,2,197
17031191200,1,38,110,22,3,66,35,9,0,1,1,1,1,0,27,92,0,7,0,25,0,0,8,19,2,0,56,8,532
17031190602,1,16,88,46,1,57,10,7,0,1,1,0,1,1,43,28,0,3,0,28,0,0,3,24,2,0,90,3,454
17031190601,0,24,54,36,0,33,6,13,0,1,2,0,1,0,40,42,0,7,0,28,0,0,4,14,0,0,46,4,355
17031020602,1,12,39,34,2,50,6,9,0,0,0,1,0,0,27,23,0,2,0,14,2,0,2,10,0,1,90,1,326
17031020601,0,27,74,42,1,68,13,12,0,0,1,0,0,0,25,17,0,1,0,33,0,0,0,9,1,1,69,3,397
17031250600,1,45,146,122,6,96,10,20,0,0,4,0,0,1,27,182,0,9,0,47,2,0,9,49,1,1,100,12,890
17031290900,2,68,254,77,3,127,11,18,11,1,3,0,1,1,45,249,1,4,0,77,17,0,7,53,1,0,134,19,1184
17031834500,2,40,117,27,1,48,40,14,5,1,1,0,0,0,31,117,0,7,0,23,1,0,0,32,2,0,67,6,582
17031271800,1,42,96,8,1,32,4,6,0,1,0,0,0,0,22,127,0,2,0,32,0,0,4,10,0,0,40,3,431
17031832600,1,6,37,36,3,83,8,31,0,0,1,0,0,5,17,6,0,2,0,6,0,0,3,9,1,0,267,1,523
17031841400,0,25,89,35,0,59,3,6,0,2,1,0,0,2,20,29,0,3,0,22,2,0,6,34,0,0,67,2,407
17031490500,1,39,96,33,1,36,8,14,0,0,0,1,1,0,28,23,0,1,0,23,0,0,7,20,2,0,96,3,433
17031062300,0,1,6,13,0,9,0,9,0,0,0,0,0,0,4,1,0,0,0,4,0,0,1,6,0,0,51,0,105
17031611200,3,63,117,16,0,43,7,17,2,2,4,0,1,2,36,80,0,6,0,30,6,0,15,13,0,0,53,8,524
17031100200,0,11,51,27,0,39,7,31,0,0,0,0,0,0,7,2,0,10,0,30,0,0,1,1,2,0,78,2,299
17031210700,2,15,44,34,1,44,3,8,0,0,2,0,0,2,50,17,0,0,0,16,0,0,2,11,1,0,63,2,317
17031381900,1,28,38,12,0,18,7,1,0,0,0,0,0,0,14,10,0,2,0,19,0,0,1,8,0,0,46,1,206
17031838100,1,37,78,15,1,44,27,17,0,0,1,0,0,1,43,11,0,1,0,33,0,0,3,17,2,1,180,1,514
17031031000,1,9,25,29,1,28,4,13,0,0,2,0,0,0,15,12,0,0,0,8,0,0,3,9,1,1,61,1,223
17031243400,1,20,53,17,0,62,4,10,0,0,0,1,0,0,12,15,1,1,0,7,0,0,1,2,1,0,123,5,336
17031831200,4,36,104,52,1,56,10,3,0,0,0,0,2,0,46,44,0,6,0,42,2,0,5,19,1,0,66,7,506
17031843500,0,32,39,2,0,25,6,7,0,0,2,1,0,0,36,13,0,2,0,22,0,0,2,10,0,0,82,0,281
17031061200,0,1,8,14,3,13,0,9,0,0,0,0,0,0,2,0,0,0,0,4,0,0,0,2,3,0,58,0,117
17031670400,0,37,127,42,4,55,4,9,1,1,1,0,0,0,18,57,0,4,0,16,0,0,3,8,2,0,49,10,448
17031430101,2,46,177,77,2,82,26,24,6,3,2,0,0,0,46,116,0,7,0,94,0,0,3,51,2,1,122,16,905
17031430102,0,26,57,28,5,52,7,22,1,0,0,0,0,0,22,18,0,2,0,39,0,0,5,16,0,0,63,1,364
17031040402,0,19,48,15,0,37,21,12,0,0,1,1,0,1,11,48,0,0,0,11,4,0,6,5,2,1,101,2,346
17031040401,0,4,5,14,0,22,0,6,0,0,0,1,0,0,10,11,0,0,0,5,0,0,1,8,0,0,38,2,127
17031010701,0,7,21,18,1,24,2,4,0,0,1,0,0,0,23,8,0,1,0,17,0,0,0,10,0,1,54,0,192
17031010702,1,37,90,19,1,57,20,13,0,0,0,0,0,0,12,38,0,4,0,39,17,0,6,25,1,0,68,7,455
17031081100,0,26,68,6,1,20,14,108,0,0,2,0,0,1,5,21,0,0,0,22,12,0,1,22,1,0,161,1,492
17031600700,1,4,43,11,0,38,2,4,0,0,1,0,0,2,9,10,0,0,0,13,1,0,0,5,0,0,28,1,173
17031051000,0,2,12,6,0,11,0,4,0,0,0,0,0,0,8,3,0,0,0,3,0,0,0,2,0,0,28,0,79
17031510200,1,32,60,52,3,74,7,16,0,1,1,2,0,0,34,25,0,5,0,29,0,0,2,18,1,0,73,4,440
17031240900,0,27,81,15,0,38,5,5,0,0,0,0,1,0,16,63,0,1,0,15,1,0,5,25,2,0,56,3,359
17031010502,1,11,37,24,2,17,14,10,0,1,0,0,0,1,12,8,0,0,0,18,0,0,2,13,4,0,64,1,240
17031292200,1,55,201,64,4,87,10,8,6,1,3,0,0,2,22,91,0,4,0,42,0,0,2,34,2,0,104,10,753
17031480200,0,13,35,28,1,25,5,17,0,0,0,0,0,0,11,10,0,1,0,10,0,0,1,14,0,0,67,4,242
17031070200,0,2,30,31,0,50,6,23,0,0,0,0,0,0,17,0,0,0,0,9,0,0,2,11,1,0,185,0,367
17031032100,0,21,80,23,3,51,10,35,0,0,0,0,1,2,24,24,0,2,0,31,1,0,3,18,3,0,198,0,530
17031833900,2,75,125,38,3,67,17,8,1,2,1,2,1,1,16,59,0,7,0,26,4,0,14,36,3,1,100,4,613
17031681300,1,55,217,121,2,115,12,9,3,0,1,0,1,0,29,97,0,4,0,43,29,0,4,43,3,0,85,11,885
17031620400,1,19,35,43,2,56,2,12,0,0,0,0,0,0,19,19,1,1,0,22,0,0,9,12,1,1,33,3,291
17031210400,1,15,35,28,0,29,3,2,0,0,0,0,0,0,18,16,0,3,0,16,9,0,0,7,1,1,38,0,222
17031612000,0,24,78,31,1,44,10,4,5,1,0,0,1,0,14,101,0,2,0,27,0,0,6,9,0,0,53,12,423
17031520300,0,41,77,53,1,76,2,12,0,0,0,0,1,2,26,22,0,8,0,30,0,0,4,9,4,0,52,3,423
17031400300,1,33,123,19,5,79,37,11,6,2,1,0,0,0,74,43,0,2,0,35,22,0,2,27,2,0,150,6,680
17031351400,0,20,84,24,1,40,15,7,1,1,2,0,1,0,13,74,0,1,0,36,0,0,0,10,1,0,73,4,408
17031150600,0,9,44,27,0,37,6,11,0,0,0,0,0,0,20,18,0,0,0,18,0,0,4,6,1,1,43,0,245
17031020500,2,34,100,37,0,87,9,15,0,0,3,0,0,0,17,56,1,3,0,43,0,0,8,30,2,0,139,6,592
17031062400,0,0,6,13,0,11,1,4,0,0,0,1,0,0,6,1,0,0,0,1,0,0,0,1,1,0,55,0,101
17031700502,0,10,30,38,0,31,4,4,0,1,0,0,1,0,9,11,0,0,0,17,0,0,1,4,0,1,42,1,205
17031700501,1,24,84,132,10,116,7,25,0,1,0,0,2,2,31,48,0,10,0,57,5,0,7,32,2,0,109,7,712
17031980000,0,30,82,0,0,51,128,84,0,0,2,1,0,0,30,129,0,2,0,342,1,0,8,1,2,1,355,10,1259
17031120100,0,5,10,20,2,19,6,7,0,0,0,0,0,0,0,1,0,1,0,18,0,0,0,0,2,0,15,1,107
17031730300,0,19,49,24,1,27,6,13,3,1,0,1,1,0,12,33,0,0,0,21,0,0,2,10,1,1,61,6,292
17031750200,0,16,42,19,0,29,2,15,1,0,0,0,3,0,7,13,0,4,0,27,0,0,1,9,0,0,56,3,247
17031838800,0,66,172,59,5,116,28,17,0,1,0,1,1,1,33,62,0,10,0,52,0,0,8,23,2,2,150,11,820
17031830900,1,12,55,23,1,61,5,27,0,0,0,0,2,1,27,10,0,0,0,21,0,0,1,17,2,0,354,0,620
17031061500,1,1,8,15,2,12,2,3,0,0,0,0,0,0,2,1,0,0,0,5,0,0,1,4,1,0,35,0,93
17031671100,0,30,102,39,1,43,6,9,0,0,0,0,0,0,19,54,0,3,0,24,1,0,2,12,1,0,53,7,406
17031843800,3,44,120,50,1,45,13,6,0,0,2,0,2,2,17,83,0,4,0,31,3,0,9,15,1,0,61,17,529
17031410900,0,8,22,10,0,27,0,7,0,0,0,0,0,0,16,11,0,1,0,15,0,0,1,10,0,0,60,0,188
17031510100,0,23,46,21,1,50,4,9,0,0,0,0,1,1,13,32,0,4,0,21,0,0,7,3,0,0,43,0,279
17031835100,4,69,177,46,2,96,21,12,5,3,2,0,0,1,67,145,0,7,0,61,4,0,24,48,3,1,98,25,921
17031160300,0,12,52,22,0,44,6,19,0,0,0,0,1,0,19,13,0,2,0,23,1,0,2,13,1,0,71,1,302
17031390300,2,49,138,39,1,60,15,7,2,0,0,0,2,0,24,53,1,4,0,49,0,0,5,14,3,0,104,6,578
17031841500,3,58,220,58,1,81,12,4,1,1,4,1,0,1,30,179,0,13,0,46,0,0,6,29,4,0,113,7,872
17031430600,2,30,83,37,1,56,34,23,0,0,0,0,1,0,19,39,0,1,0,37,0,0,0,18,1,0,194,5,581
17031170200,0,18,35,14,0,39,9,13,0,0,0,0,0,0,17,15,0,2,0,20,0,0,0,6,0,0,36,3,227
17031580200,1,10,42,29,1,40,4,8,0,1,0,0,0,2,24,30,0,9,0,21,0,0,13,6,3,0,35,4,283
17031270500,0,41,123,12,2,45,4,5,2,1,0,0,0,0,22,121,0,3,0,15,10,0,2,31,1,0,56,13,509
17031242200,0,10,30,40,1,45,4,10,0,0,0,0,0,0,10,12,0,1,0,14,0,0,0,14,0,0,97,0,288
17031836000,0,23,99,33,3,61,14,5,2,0,0,0,0,0,26,54,0,2,0,36,0,0,2,17,2,0,75,10,464
17031980100,0,12,22,0,0,27,14,46,0,0,0,0,0,0,14,14,0,0,0,8,0,0,4,0,1,0,75,1,238
17031420500,0,54,144,49,2,84,27,11,5,2,0,1,2,1,14,77,0,2,0,43,0,0,10,17,2,0,68,8,623
17031837800,0,50,123,47,4,96,26,28,1,0,0,0,0,1,36,107,0,4,0,34,8,0,0,33,1,0,229,3,831
17031251200,1,51,196,71,6,86,14,23,12,0,5,0,0,2,27,213,0,4,0,56,0,0,5,46,5,0,143,20,986
17031711000,0,49,132,66,1,81,12,22,2,2,2,0,1,0,42,82,0,5,0,45,0,0,5,19,2,0,76,12,658
17031832000,0,12,90,15,1,46,11,32,1,0,0,0,0,0,3,22,0,0,0,11,0,0,9,11,3,0,183,0,450
17031230400,0,21,63,24,1,32,2,6,0,0,0,0,0,1,33,18,0,4,0,23,28,0,5,9,2,0,48,6,326
17031300900,0,21,101,13,3,46,12,8,0,1,0,0,0,5,45,60,0,2,0,30,13,0,25,19,3,0,52,3,462
17031241300,1,6,16,14,2,23,5,3,0,0,0,0,0,0,14,1,0,0,0,6,1,0,2,12,1,1,105,0,213
17031570300,1,22,68,65,1,95,3,16,0,0,0,0,0,3,36,20,0,2,0,27,26,0,4,28,2,0,70,4,493
17031280800,0,15,56,9,0,25,5,6,0,0,0,0,0,1,16,8,0,0,0,10,5,0,2,10,1,0,34,1,204
17031050800,0,4,2,10,0,13,0,4,0,0,0,1,0,0,4,1,0,0,0,1,0,0,1,0,0,0,29,0,70
17031491100,4,42,104,90,2,94,20,15,0,3,1,0,1,0,46,81,0,3,0,49,0,0,4,33,4,0,124,8,728
17031831800,1,14,54,82,2,64,11,10,0,0,2,0,0,3,28,38,0,8,0,21,0,0,5,17,3,1,102,4,470
17031680900,0,108,288,81,3,122,43,27,5,1,1,1,0,0,54,90,1,4,0,76,0,0,10,87,6,1,240,17,1266
17031061800,0,5,12,5,1,7,0,8,0,0,0,0,0,0,3,2,0,0,0,2,0,0,1,5,0,0,57,0,108
17031490400,0,11,32,17,0,17,4,5,0,0,0,0,0,0,15,27,0,0,0,6,0,0,1,6,0,0,21,1,163
17031839000,0,22,48,15,1,34,6,49,0,0,0,0,0,0,21,11,0,1,0,20,0,0,1,30,1,0,249,0,509
17031242500,0,14,54,24,1,27,6,11,0,0,0,0,0,3,12,22,0,2,0,7,0,0,2,11,1,0,69,4,270
17031250300,1,37,148,103,3,98,6,28,1,1,1,0,2,1,31,85,0,1,0,44,5,0,3,54,1,0,108,10,772
17031170300,0,23,52,37,2,71,6,14,0,0,0,0,1,1,20,12,0,1,0,28,0,0,2,5,0,0,62,0,337
17031310600,1,37,78,31,1,66,12,6,0,1,3,0,0,5,25,46,0,0,0,27,3,0,26,11,4,0,74,5,462
17031500200,0,56,144,35,0,50,21,21,2,0,2,0,0,0,31,28,0,5,0,26,0,0,10,9,1,1,75,6,523
17031230900,2,36,173,86,3,62,20,25,1,0,2,1,0,2,32,123,0,4,0,46,3,0,8,14,4,0,81,7,735
17031221500,0,18,90,21,3,53,17,15,0,0,0,0,0,2,28,10,0,1,0,15,0,0,1,12,5,0,99,2,392
17031120400,0,9,34,17,0,39,2,8,0,0,0,0,0,0,12,15,0,4,0,15,0,0,1,1,2,0,49,0,208
17031031300,0,15,54,9,4,32,7,9,2,0,0,0,0,1,16,32,0,2,0,31,0,0,5,7,1,1,76,2,306
17031711500,2,22,71,41,3,59,5,8,4,1,0,0,1,0,25,44,0,8,0,27,0,0,2,11,0,1,61,5,401
17031301600,0,16,49,12,1,40,2,4,0,0,0,0,0,2,23,39,0,1,0,31,0,0,9,16,2,2,36,5,290
17031710100,0,33,60,40,1,28,4,9,2,1,1,1,0,1,10,44,0,5,0,15,0,0,1,18,1,0,35,7,317
17031620200,1,14,34,21,0,36,6,16,0,0,0,0,0,1,21,20,0,2,0,5,0,0,4,7,1,0,82,2,273
17031231500,0,106,420,72,8,152,22,17,35,8,9,2,2,0,79,849,0,17,0,103,1,0,9,56,2,0,151,33,2153
17031836500,0,11,56,14,0,26,6,1,1,1,0,0,0,0,18,10,0,2,0,22,0,0,1,6,3,0,62,0,240
17031140302,0,12,35,15,0,37,4,12,0,0,0,0,0,1,14,13,0,1,0,15,0,0,1,7,1,0,46,2,216
17031140301,0,8,47,11,0,23,7,3,0,0,1,0,0,3,9,11,0,1,0,15,2,0,2,13,1,0,29,4,190
17031661000,2,70,221,120,5,126,18,30,5,0,7,0,2,1,63,213,0,4,0,61,5,0,18,52,2,0,150,25,1200
17031490600,0,29,72,19,2,31,7,7,0,0,1,0,0,0,32,40,0,4,0,14,0,0,3,24,3,0,73,4,365
17031222800,1,9,29,8,1,16,2,4,0,0,0,0,0,1,13,14,0,1,0,8,1,0,4,5,0,0,17,4,138
17031280100,0,19,41,23,2,47,46,42,0,0,0,0,1,0,25,4,0,0,0,34,1,1,4,10,1,0,341,1,643
17031520200,0,42,91,41,2,99,8,5,0,0,0,1,0,1,23,32,0,7,0,26,0,0,6,8,0,0,50,6,448
17031830600,1,47,90,17,3,60,14,15,2,0,1,0,0,5,18,43,0,3,0,34,1,0,10,21,1,0,86,4,476
17031700100,2,34,81,53,4,63,9,13,1,1,0,0,2,0,29,49,0,3,0,25,1,0,4,26,2,0,77,6,485
17031030800,2,9,61,22,0,24,5,18,0,0,1,0,0,0,12,16,0,0,0,10,0,0,7,12,1,0,86,1,287
17031161300,0,23,80,36,3,60,7,6,0,0,1,0,1,1,30,31,0,4,0,23,1,0,6,7,1,0,84,3,408
17031050200,2,9,24,34,0,47,3,14,0,0,1,0,0,0,20,8,0,1,0,20,0,0,0,12,2,0,107,2,306
17031110400,0,14,34,28,0,62,6,14,0,0,1,0,0,0,10,17,0,12,0,31,0,0,1,1,2,0,49,0,282
17031210900,0,11,31,20,0,32,7,8,0,0,0,0,0,0,35,10,0,0,0,20,1,0,0,3,2,2,62,1,245
17031480500,1,23,75,42,1,73,12,16,1,0,0,0,1,0,28,52,0,3,0,23,1,0,4,24,2,0,90,6,478
17031611800,0,29,123,49,1,57,10,5,1,1,0,0,1,2,22,127,0,3,0,23,11,0,6,19,2,0,64,11,567
17031670600,0,29,84,39,2,74,6,3,1,1,1,0,0,0,27,42,0,1,0,19,2,0,3,12,2,0,73,7,428
17031170600,1,4,11,6,0,15,0,10,0,0,0,0,0,0,1,4,0,0,0,10,0,0,1,0,0,0,7,0,70
17031530200,3,114,331,113,10,191,24,32,1,4,7,1,1,1,66,183,0,4,0,75,5,0,16,69,2,0,159,29,1441
17031070700,0,14,39,58,0,44,41,14,0,0,0,0,0,1,9,10,0,2,0,10,0,0,1,10,1,0,174,1,429
17031410100,0,9,25,8,0,10,0,10,0,0,0,0,0,0,7,10,0,1,0,13,0,0,0,5,0,0,45,0,143
17031340600,0,24,87,5,0,42,32,9,0,0,1,0,0,0,9,36,0,2,0,18,1,0,1,8,1,0,59,2,337
17031130100,0,9,29,32,5,26,12,16,0,1,1,0,0,0,9,14,0,1,0,17,1,0,0,4,0,0,115,2,294
17031220400,0,12,30,21,1,41,6,10,0,0,0,0,0,1,19,10,0,0,0,7,0,0,2,12,1,0,95,1,269
17031841100,0,19,75,34,0,91,14,28,2,1,1,0,0,1,32,31,0,4,0,18,3,0,2,50,3,3,192,0,604
17031836600,2,47,170,59,1,75,9,14,1,2,0,0,0,1,60,140,0,1,0,52,0,0,3,36,2,1,112,5,793
17031730700,1,52,159,35,2,57,24,20,1,0,1,0,0,0,26,63,0,6,0,29,0,0,13,18,0,0,117,6,630
17031420800,0,55,148,48,4,85,27,16,5,2,2,1,0,1,16,110,0,2,0,64,0,0,10,16,3,0,73,10,698
17031450300,1,53,158,68,0,73,14,20,0,4,1,1,1,0,39,51,0,3,0,41,1,0,13,36,1,1,131,14,725
17031063200,0,12,20,15,2,28,1,22,0,0,0,0,0,0,13,4,0,1,0,15,1,0,1,5,0,0,100,0,240
17031431301,0,76,221,120,5,104,27,14,4,1,1,0,1,0,35,130,0,17,0,79,36,0,10,35,2,0,136,9,1063
17031431302,2,107,291,137,4,137,36,35,0,2,2,0,0,1,43,188,0,6,0,85,10,0,10,39,1,0,107,16,1259
17031650400,3,23,61,59,1,92,6,10,0,0,0,0,0,0,30,13,0,7,0,32,0,0,5,15,4,0,56,5,422
17031839900,1,23,49,26,2,52,7,9,0,0,0,0,1,1,16,23,0,2,0,34,2,0,5,7,1,0,90,1,352
17031840400,0,17,37,22,0,41,10,22,0,1,0,0,0,0,20,22,0,3,0,15,3,0,1,11,1,0,171,0,397
17031250500,1,15,54,70,0,66,6,25,0,1,0,2,1,1,26,17,0,4,0,40,0,0,1,17,7,0,173,0,527
17031670100,0,33,110,34,0,38,4,5,6,1,2,0,0,1,10,174,0,2,0,30,0,0,4,11,0,0,42,2,509
17031080300,0,16,49,28,0,64,7,31,0,0,0,1,0,2,18,18,0,0,0,12,2,0,3,14,1,1,165,0,432
17031240300,0,5,25,18,0,18,1,10,0,0,0,0,0,0,12,4,0,0,0,0,7,0,1,11,1,0,101,0,214
17031351100,0,34,110,15,0,27,19,7,0,0,0,0,0,0,12,17,0,3,0,43,0,0,2,8,0,0,33,1,331
17031611600,0,18,86,20,2,52,3,7,1,0,1,0,0,1,20,26,0,3,0,18,0,0,1,8,3,0,27,2,299
17031833300,0,3,11,9,0,22,5,9,0,0,0,0,0,0,9,5,0,0,0,7,0,0,0,6,0,0,58,0,144
17031071800,0,4,19,20,0,27,4,7,0,0,1,0,0,0,11,3,0,1,0,6,0,0,0,5,1,0,61,0,170
17031460302,2,68,208,106,5,100,21,16,0,4,0,2,1,1,26,112,0,9,0,54,0,0,9,27,5,0,103,21,900
17031460301,2,52,124,57,2,64,3,7,0,1,1,2,0,0,12,66,0,6,0,39,0,0,9,12,4,1,58,11,533
17031030500,1,23,108,32,3,51,13,13,0,0,0,0,0,3,21,41,0,1,0,21,0,0,11,23,2,0,114,3,484
17031832300,1,5,47,24,2,57,5,13,0,0,0,0,1,6,38,5,0,1,0,6,0,0,2,10,0,0,253,0,476
17031160900,0,11,48,29,1,41,5,5,0,0,2,0,0,0,28,10,0,1,0,13,1,0,2,9,0,0,55,1,262
17031530502,0,16,55,32,3,32,0,6,0,0,0,0,0,0,29,13,0,3,0,22,0,0,0,10,2,2,33,2,260
17031530503,2,62,155,88,6,91,7,20,2,3,4,2,0,0,58,46,0,6,0,65,0,0,4,67,3,0,123,16,830
17031530501,0,92,265,106,4,122,29,29,2,1,7,1,2,0,75,152,0,5,0,59,5,0,4,59,5,0,135,20,1179
17031081800,0,41,184,45,0,113,19,74,0,0,3,1,0,5,57,51,0,0,0,21,7,0,7,35,4,1,492,3,1163
17031050700,0,0,1,5,0,9,0,1,0,0,0,0,0,0,3,0,0,0,0,2,0,0,0,2,0,0,24,1,48
17031110300,3,16,23,21,0,29,4,13,0,0,0,0,0,0,7,4,0,4,0,10,0,0,0,5,2,0,44,1,186
17031060900,0,13,54,26,1,35,5,47,0,0,0,0,0,2,9,24,0,1,0,25,0,0,2,5,2,0,112,0,363
17031170900,0,5,14,8,1,11,1,6,0,0,0,0,0,0,10,2,0,1,0,12,0,0,0,1,0,0,17,0,89
17031242800,0,2,19,14,0,25,2,7,0,0,0,0,0,0,19,10,0,1,0,10,0,0,0,9,0,0,83,1,202
17031301801,1,19,66,25,2,39,4,5,0,1,0,0,0,0,27,21,0,2,0,43,0,0,4,8,1,1,47,1,317
17031301803,0,26,61,20,0,47,2,3,0,0,1,0,1,0,29,21,0,1,0,31,0,0,8,16,4,0,36,3,310
17031301802,1,30,68,14,1,45,8,14,0,0,2,3,0,2,30,27,0,1,0,31,1,0,15,16,0,0,73,4,386
17031251800,3,116,343,66,4,136,23,69,23,1,11,0,1,2,70,630,1,10,0,118,37,0,15,106,4,1,209,30,2029
17031062000,0,8,35,19,1,27,4,27,0,0,1,0,0,1,12,7,0,0,0,6,0,0,2,22,1,0,128,1,302
17031120200,1,8,14,30,0,26,2,14,0,0,0,0,1,0,2,1,0,1,0,10,0,0,1,0,0,0,67,0,178
17031520100,0,17,42,29,0,45,3,3,0,0,0,1,1,0,16,23,0,4,0,19,0,0,4,5,0,0,34,5,251
17031320400,0,53,119,16,2,45,83,88,0,0,4,1,0,3,11,60,0,0,0,47,8,0,9,47,2,1,640,1,1240
17031060300,0,7,9,14,0,31,0,15,0,0,0,0,0,1,11,2,0,0,0,3,0,0,1,7,0,2,65,0,168
17031031400,1,21,46,9,1,46,2,22,0,1,1,0,0,1,27,40,0,0,0,19,0,0,3,7,5,0,141,2,395
17031650302,2,6,32,56,0,55,2,5,0,0,0,1,3,0,32,22,0,9,0,18,0,0,10,10,3,0,57,1,324
17031650301,0,15,48,42,1,114,3,10,0,0,1,0,0,1,23,27,0,4,0,27,1,0,2,7,1,0,57,2,386
17031491200,0,59,199,48,3,55,12,10,0,1,1,0,0,0,16,105,0,1,0,26,0,0,16,28,0,0,99,14,693
17031835700,0,3,6,2,0,3,0,0,0,1,0,0,0,0,2,2,0,1,0,0,1,0,0,3,0,0,13,0,37
17031821402,0,0,0,0,0,0,0,0,0,0,0,0,0,0,0,0,0,0,0,0,0,0,0,0,0,0,0,0,0
17031140500,0,19,43,21,0,47,6,7,0,0,2,0,0,1,24,17,0,3,0,25,0,0,1,5,2,0,82,1,306
17031222200,0,3,18,20,0,29,5,5,0,0,0,0,0,1,13,6,0,0,0,1,0,0,0,10,0,0,64,0,175
17031300700,1,28,81,15,1,60,2,4,0,2,3,0,0,3,37,65,0,4,0,25,1,0,23,26,2,0,36,7,426
17031720700,0,8,40,14,2,38,5,13,0,0,0,0,0,0,8,8,0,3,0,29,0,0,2,4,0,0,51,0,225
17031840700,1,38,110,22,3,86,14,7,1,0,1,0,0,3,35,26,0,8,0,35,12,0,21,20,5,0,88,8,544
17031071500,0,9,54,16,0,61,8,30,0,0,1,0,0,5,14,7,0,0,0,14,0,0,4,4,0,0,316,0,543
17031670200,0,30,125,22,2,37,25,11,2,1,0,0,2,0,16,144,0,4,0,28,3,0,4,20,2,0,44,8,530
17031271300,0,62,160,16,2,46,10,3,4,0,2,0,0,0,13,140,0,5,0,22,3,0,13,21,2,1,87,3,615
17031671600,1,58,164,104,9,110,10,13,1,1,4,0,0,0,37,116,0,3,0,29,0,0,7,43,2,0,146,10,868
17031560700,3,14,53,21,2,56,2,13,0,0,0,0,0,1,15,12,0,2,0,19,1,0,1,4,2,1,38,1,261
17031291200,1,64,167,63,1,79,16,9,12,1,2,0,0,0,27,168,0,3,0,58,0,0,3,31,2,1,88,15,811
17031241500,0,18,55,33,1,54,16,39,0,0,1,0,0,3,26,13,0,0,0,8,6,0,2,27,2,0,247,1,552
17031843600,0,35,93,46,2,47,25,8,0,0,1,1,0,1,30,91,0,4,0,37,0,0,3,22,1,0,80,10,537
17031842200,1,43,202,34,2,103,78,59,1,0,8,2,0,6,36,99,0,0,0,26,1,0,10,22,1,0,423,12,1169
17031381500,0,3,25,7,0,12,5,1,0,0,0,0,0,0,9,28,0,0,0,4,3,0,1,2,0,0,19,1,120
17031710400,0,62,197,145,5,120,20,27,4,0,2,0,0,0,44,131,0,4,0,66,0,0,8,37,3,1,127,13,1016
17031243300,1,15,16,14,0,46,8,12,0,0,0,0,0,0,14,15,0,0,0,8,0,0,3,8,0,0,101,0,261
17031222700,1,13,38,19,2,30,6,6,0,0,0,0,0,1,12,20,0,1,0,24,1,0,1,14,1,1,34,1,226
17031320100,0,52,123,20,2,67,89,143,0,1,1,0,1,2,14,72,0,0,1,50,19,1,23,43,5,1,1309,2,2041
17031740300,0,14,40,17,0,31,1,5,1,0,0,0,0,0,7,20,0,2,0,21,0,0,1,0,0,0,34,1,195
17031420200,0,16,102,11,0,28,3,5,0,0,0,0,0,0,18,11,0,1,0,19,0,0,3,10,0,0,27,5,259
17031190900,1,10,23,16,0,31,3,1,0,0,0,0,0,0,15,11,0,0,0,14,2,0,0,10,1,0,29,0,167
17031720200,0,22,32,27,1,34,28,30,0,0,0,0,1,0,19,16,0,4,0,30,0,0,3,5,1,0,90,2,345
17031832900,0,3,10,8,0,16,4,8,0,0,0,0,0,0,5,4,0,0,0,6,0,0,1,9,0,0,68,0,142
17031691400,5,72,186,47,4,88,15,16,2,4,4,0,1,0,32,107,0,8,0,50,4,0,9,47,2,2,137,9,851
17031151002,0,18,74,28,0,49,6,18,0,1,4,0,0,1,29,41,0,12,0,32,8,0,3,13,1,1,75,8,422
17031440900,0,33,102,36,1,48,6,12,2,2,1,0,1,0,31,32,0,3,0,34,1,0,5,20,4,0,59,9,442
17031151001,0,12,47,9,2,45,6,9,0,0,2,0,0,0,11,31,0,0,0,10,0,0,10,1,1,0,28,2,226
17031671500,1,74,208,86,6,102,31,31,4,6,2,1,0,1,32,173,0,6,0,45,0,0,6,59,3,0,178,28,1083
17031520500,0,15,36,27,0,55,5,9,0,0,0,0,1,0,14,10,0,4,0,17,0,0,0,5,0,0,40,0,238
17031670700,0,37,133,55,1,57,12,4,1,2,5,1,0,0,28,106,0,6,0,21,8,0,7,50,1,0,102,10,647
17031681400,4,71,244,124,4,147,24,5,4,0,3,0,2,0,36,141,0,8,0,50,72,0,11,60,3,2,119,24,1158
17031242600,2,43,118,53,3,72,13,15,1,0,0,1,0,2,36,63,0,3,0,41,2,0,9,27,2,0,126,3,635
17031840000,0,11,21,17,0,29,2,3,0,0,0,0,0,0,10,10,0,2,0,15,1,0,2,4,0,0,62,2,191
17031150501,1,7,22,14,2,32,3,4,1,0,0,0,2,0,7,7,0,3,0,20,0,0,0,1,0,0,23,0,149
17031150502,0,14,44,15,2,31,4,8,0,0,1,0,0,0,15,11,0,3,0,32,0,0,2,2,2,0,25,1,212
17031062700,1,4,12,55,0,27,5,6,0,0,0,0,0,0,11,2,0,0,0,13,0,0,1,7,0,0,75,0,219
17031580700,3,23,85,46,2,49,8,5,0,0,0,0,1,0,52,37,0,4,0,31,0,0,6,7,1,0,60,1,421
17031261000,1,37,125,27,1,77,6,5,2,2,2,0,2,1,29,75,0,2,0,22,2,0,2,31,0,0,65,11,527
17031220701,0,17,51,59,2,30,4,2,0,0,1,0,0,1,25,22,0,2,0,18,1,0,0,4,1,0,36,1,277
17031220702,0,33,69,58,2,42,9,13,0,0,1,0,0,2,29,48,0,1,0,41,0,0,2,24,1,0,81,5,461
17031690900,2,66,218,82,2,146,26,21,2,2,1,1,0,0,54,107,0,10,0,74,3,0,9,41,3,2,115,11,998
17031710700,1,44,146,94,5,69,15,15,3,2,2,0,0,3,42,142,0,2,0,54,0,0,7,28,2,1,90,14,781
17031330200,0,28,44,6,1,27,16,17,0,0,1,0,0,0,4,23,0,2,0,13,0,0,1,8,1,1,89,0,282
17031243000,1,8,23,20,1,22,5,14,0,1,0,0,0,1,21,6,0,0,0,6,0,0,0,6,0,1,148,1,285
17031843100,3,50,170,38,2,75,12,6,2,0,0,0,0,0,42,105,0,2,0,32,0,0,9,25,0,0,116,2,691
17031837100,1,32,100,50,1,47,10,23,3,1,1,0,1,2,39,130,0,3,0,33,0,0,1,51,1,0,145,6,681
17031640700,0,14,43,24,1,33,2,7,1,0,0,1,1,1,10,4,0,1,0,11,0,0,1,2,0,0,49,1,207
17031600600,2,8,35,15,1,30,0,6,0,1,0,0,0,1,9,10,0,1,0,12,2,0,1,4,2,0,29,1,170
17031090200,0,12,42,15,0,32,5,15,0,0,0,0,0,0,5,2,0,0,0,23,0,0,2,3,1,0,46,0,203
17031420100,0,38,68,3,0,20,19,6,0,0,3,1,0,0,10,12,0,2,0,14,5,0,25,11,11,0,52,7,307
17031832200,0,4,19,35,1,38,5,9,0,0,1,0,0,1,28,1,0,0,0,11,0,0,1,14,3,0,95,1,267
17031100600,2,16,32,18,0,37,2,10,0,0,0,0,1,1,8,6,0,0,0,17,0,0,0,2,1,0,55,0,208
17031842100,2,89,295,76,4,140,11,14,6,3,2,0,0,3,68,218,0,10,0,86,8,0,4,51,4,1,193,19,1307
17031050300,0,4,9,14,0,37,2,8,0,0,0,0,0,1,9,15,0,0,0,11,0,0,0,3,0,0,19,1,133
17031221300,1,18,32,27,0,35,11,17,0,0,2,0,1,4,30,18,2,21,0,27,0,0,3,11,0,0,86,3,349
17031660400,1,33,84,65,1,81,8,10,0,1,1,0,1,2,38,41,0,12,0,54,6,0,10,19,3,0,73,2,546
17031831600,1,26,93,30,0,74,4,18,1,1,0,1,0,1,47,15,0,5,0,44,1,0,2,8,1,0,155,0,528
17031160400,1,15,62,35,3,60,9,21,0,0,0,0,0,2,28,25,0,3,0,29,1,0,4,12,3,0,95,2,410
17031291600,0,5,15,3,1,14,3,0,0,1,0,1,0,1,9,4,0,1,0,7,0,0,1,6,0,0,10,0,82
17031081500,0,23,64,12,3,43,21,103,0,0,3,0,0,1,14,17,0,0,0,34,27,0,11,35,0,0,612,1,1024
17031390400,2,39,94,28,0,66,22,8,8,0,1,0,0,0,20,90,0,3,0,34,1,0,1,18,1,0,82,4,522
17031220300,0,4,14,18,0,19,5,1,0,0,0,0,0,0,20,2,0,3,0,11,0,0,2,2,0,0,62,0,163
17031200200,4,31,143,47,0,75,7,10,0,0,2,0,1,3,45,69,0,1,0,48,1,0,13,19,1,1,83,9,613
17031050600,0,3,5,23,0,17,2,10,0,0,0,0,0,0,10,6,0,0,0,0,0,0,0,3,0,0,71,0,150
17031191301,1,26,99,31,2,40,6,14,0,0,0,0,0,2,54,51,0,7,0,32,1,0,3,11,2,0,57,7,446
17031711400,1,35,131,58,1,71,54,18,3,2,3,0,0,1,31,136,0,10,0,35,0,0,6,46,0,0,95,17,754
17031150200,0,33,79,50,1,62,8,36,0,0,3,0,1,5,29,46,0,8,0,73,4,0,8,19,2,0,131,4,602
17031440300,0,35,101,73,1,78,9,22,2,1,0,1,0,3,77,46,0,6,0,46,1,0,1,42,0,2,144,2,693
17031090100,0,4,14,4,1,10,2,5,0,0,0,0,0,0,1,3,1,0,0,18,1,0,0,0,0,0,14,0,78
17031150800,1,13,72,27,3,65,9,10,0,0,0,0,0,1,26,34,1,2,0,34,0,0,2,8,2,0,68,4,382
17031241600,1,18,45,29,1,68,4,14,0,0,1,0,0,3,44,22,0,1,0,7,1,0,1,21,0,0,161,3,445
17031271500,0,29,64,19,0,28,4,3,3,0,0,0,0,0,13,86,0,3,0,14,0,0,1,14,0,1,30,9,321
17031010100,0,64,192,19,2,92,48,16,7,0,4,0,0,1,22,194,0,6,0,70,3,0,11,30,3,0,87,15,886
17031250700,1,65,211,127,4,94,13,24,3,1,4,0,4,0,36,216,0,8,0,74,5,0,4,62,2,0,109,4,1071
17031834600,7,54,253,62,6,94,44,21,2,0,0,1,3,1,79,202,0,12,0,49,1,0,11,61,3,0,131,20,1117
17031720600,0,1,5,10,0,8,4,9,0,0,0,0,0,1,3,1,0,0,0,4,0,0,1,3,0,0,25,0,75
17031570400,0,13,45,23,1,34,12,5,0,0,0,0,1,1,12,23,0,1,0,19,15,0,5,8,0,0,70,1,289
17031823304,0,0,0,0,0,0,0,0,0,0,0,0,0,0,0,0,0,0,0,0,0,0,1,1,1,0,0,0,3
17031430800,1,20,70,40,1,35,5,10,1,0,0,0,0,0,25,26,0,6,0,22,0,0,2,11,1,0,57,6,339
17031381800,0,43,112,22,2,40,12,6,0,2,0,0,1,1,12,45,0,5,0,12,33,0,3,14,1,0,61,8,435
17031301200,0,34,99,16,0,36,4,6,0,2,2,0,0,2,31,39,0,0,0,23,39,0,29,4,3,0,58,7,434
17031330100,0,73,181,37,5,118,74,84,1,0,4,0,0,3,49,59,0,5,0,103,0,0,6,27,0,2,572,1,1404
17031838200,1,35,46,20,0,53,6,9,0,0,3,0,0,0,40,8,0,2,0,20,0,0,0,9,1,0,200,0,453
17031843200,0,20,80,25,1,57,19,13,0,0,3,0,1,1,33,18,0,5,0,17,1,0,5,9,3,0,137,2,450
17031630400,2,20,65,71,4,78,5,7,0,1,1,1,1,2,61,84,0,9,0,41,1,0,4,15,0,1,42,3,519
17031191302,2,22,82,63,1,59,9,7,0,0,4,0,0,5,44,48,0,10,0,34,0,0,10,24,2,0,55,4,485
17031241400,0,23,125,75,1,113,16,72,0,0,0,0,0,5,38,23,0,4,0,24,4,0,2,53,3,1,390,3,975
17031150300,1,41,66,36,1,77,8,24,0,0,1,0,2,0,31,37,0,3,0,40,0,0,2,9,5,0,124,6,514
17031550100,0,47,115,71,4,81,19,20,0,0,0,1,3,1,25,36,0,6,0,35,0,0,8,4,2,2,71,5,556
17031062800,1,3,17,18,1,23,2,13,0,0,0,1,0,2,17,2,0,0,0,5,0,0,0,5,0,0,83,0,193
17031040300,0,8,37,13,2,31,3,5,0,0,0,0,0,0,7,13,0,0,0,16,0,0,1,3,2,0,53,0,194
17031260600,2,37,158,28,3,57,8,3,5,2,1,0,3,1,25,202,0,5,0,22,2,0,1,21,2,0,90,14,692
17031430200,0,58,199,157,5,145,36,38,6,0,2,0,0,0,54,92,0,9,0,83,0,0,5,47,0,1,135,13,1085
17031690500,0,18,80,22,1,33,22,3,1,3,1,0,0,1,17,55,0,1,0,18,0,0,9,15,0,0,31,6,337
17031834900,3,42,158,85,2,80,9,8,5,0,2,0,0,0,44,75,0,7,0,33,0,0,5,31,2,0,107,5,703
17031200100,0,12,55,46,1,41,4,22,0,1,0,1,1,1,28,13,0,4,0,14,0,0,1,9,1,0,34,0,289
17031010400,0,20,50,15,0,27,7,31,0,0,0,0,0,3,5,23,0,1,0,29,0,0,4,12,4,1,75,1,308
17031081202,1,7,17,4,0,8,8,20,0,0,0,0,0,1,2,5,0,0,0,16,5,0,2,7,1,0,95,0,199
17031081201,0,21,62,9,2,18,29,61,0,0,2,1,0,2,11,22,0,0,0,23,9,0,3,18,2,0,504,3,802
17031241000,3,34,79,57,0,52,19,4,0,0,1,0,0,4,6,66,0,5,0,31,1,0,5,19,3,1,60,6,456
17031080400,0,61,165,35,4,64,72,14,6,0,1,1,0,0,14,89,0,0,0,40,0,0,8,38,3,0,218,7,840
17031570200,0,8,19,20,0,30,1,8,0,0,0,0,0,1,16,9,0,1,0,13,9,0,0,6,1,0,59,1,202
17031831100,1,44,130,68,2,92,17,43,0,0,1,0,2,1,67,54,0,5,0,41,1,0,10,22,2,0,267,3,873
17031640500,0,9,26,21,0,31,4,6,0,0,0,0,0,0,4,4,0,3,0,12,0,0,0,0,0,0,30,1,151
17031580400,1,19,70,30,1,59,9,10,0,0,0,0,0,3,28,29,0,4,1,24,11,1,6,18,2,0,63,1,390
17031240800,1,9,38,21,0,24,2,3,0,0,0,0,0,0,10,25,0,3,0,12,1,0,2,2,1,1,27,5,187
17031410500,0,17,64,40,0,49,5,8,1,0,0,0,0,0,13,7,1,2,0,16,0,0,1,5,3,0,69,2,303
17031390700,0,33,56,8,2,33,2,21,0,0,0,0,0,1,30,17,0,2,0,31,0,0,3,10,3,1,136,2,391
17031681100,0,62,258,114,3,131,30,8,4,1,1,0,2,0,70,150,0,8,0,61,7,0,11,75,2,0,193,22,1213
17031480100,0,28,47,49,1,31,3,9,0,0,0,1,0,0,21,14,0,0,0,17,0,0,3,22,0,1,44,2,293
17031070300,0,13,38,25,0,56,21,18,1,0,2,0,0,8,12,7,0,0,0,11,3,0,4,13,0,0,174,0,406
17031681000,3,86,237,97,3,122,26,21,4,2,4,0,1,0,51,113,0,6,0,59,1,0,11,59,3,1,170,18,1098
17031210501,0,33,72,38,0,33,10,12,0,0,0,0,1,3,35,26,0,4,0,26,0,0,6,22,0,0,60,3,384
17031691500,2,60,176,46,4,60,22,14,5,1,8,0,0,1,28,159,0,4,0,31,1,0,33,39,3,0,91,10,798
17031210502,1,24,62,29,0,50,14,7,0,0,0,0,0,0,44,34,0,2,0,36,0,0,2,12,1,0,53,3,374
17031190401,4,21,110,30,3,38,4,6,0,0,0,0,0,2,42,43,0,3,0,19,2,0,5,11,3,0,73,4,423
17031190402,0,31,75,63,3,107,16,7,0,0,0,0,0,1,41,25,0,3,0,32,8,0,7,26,3,0,99,10,557
17031691300,0,30,89,32,3,42,24,30,0,1,1,1,0,0,51,69,0,2,0,22,1,0,5,36,0,0,106,6,551
17031760801,0,12,39,5,0,34,3,6,0,0,0,0,0,0,9,7,0,2,0,33,1,0,1,2,2,0,117,0,273
17031760802,0,1,9,6,0,9,2,3,0,0,0,0,0,0,0,1,0,0,0,7,0,0,1,2,0,0,30,0,71
17031760803,0,15,63,9,0,55,5,15,0,0,1,0,2,0,17,6,0,0,0,28,1,0,1,1,0,0,33,1,253
17031700200,0,42,88,32,2,72,10,16,0,0,0,1,1,0,21,28,0,3,0,32,1,0,3,22,2,0,79,3,458
17031020400,0,9,35,16,0,45,11,12,0,0,0,0,0,1,14,19,0,0,0,11,1,0,1,12,2,0,55,1,245
17031630900,4,21,69,45,2,59,3,11,0,2,1,0,0,2,42,30,0,4,0,22,1,0,2,12,2,1,44,7,386
17031280400,2,35,55,9,0,31,9,6,0,0,0,0,1,0,28,38,0,4,0,23,1,0,0,19,2,0,80,2,345
17031380700,0,22,52,15,1,23,7,5,2,0,0,0,0,0,10,14,0,0,0,24,0,0,0,4,0,0,30,2,211
17031292400,0,32,111,36,4,57,6,5,3,1,0,0,0,0,23,61,0,2,0,38,0,0,3,22,1,1,78,8,492
17031670800,3,38,140,60,3,79,46,6,0,2,5,1,0,1,24,106,0,10,0,36,13,0,6,16,2,0,102,14,713
17031400800,0,63,215,45,4,67,23,10,2,1,3,0,3,0,62,132,0,6,0,52,2,0,8,26,3,0,77,9,813
17031040600,0,8,17,22,1,24,3,8,1,0,0,0,0,0,9,7,0,1,0,8,0,0,1,4,0,0,61,0,175
17031260100,0,25,98,14,0,31,9,5,2,0,0,0,0,1,24,65,0,3,0,33,2,0,1,24,0,0,83,5,425
17031301100,0,17,66,13,0,30,5,4,0,0,1,1,1,1,7,25,0,6,0,28,0,0,9,5,1,0,26,8,254
17031230600,4,67,244,64,3,84,18,24,0,1,2,0,0,0,69,186,0,11,0,74,43,0,4,44,1,1,221,16,1181
17031031200,0,48,157,20,2,48,29,31,4,0,5,0,0,3,13,118,0,2,0,38,2,0,10,28,2,0,97,3,660
17031630100,0,13,36,4,2,25,2,2,0,0,0,0,1,1,20,17,0,2,0,8,0,0,0,13,1,0,30,5,182
17031561100,1,24,64,19,0,63,4,13,0,0,0,0,1,1,9,47,1,1,0,11,0,0,5,1,3,0,59,2,329
17031835000,1,95,279,150,5,160,24,38,16,1,6,1,1,4,81,343,0,9,0,89,22,0,16,96,3,0,343,28,1811
17031410600,0,4,8,28,2,13,4,8,0,0,0,0,0,0,9,6,0,0,0,6,0,0,0,8,0,0,49,0,145
17031411200,0,4,9,10,0,13,4,2,0,0,0,0,1,0,6,1,0,0,0,4,0,0,0,7,0,0,31,1,93
17031060500,0,5,2,7,0,12,5,3,0,0,0,0,0,0,4,2,0,0,0,5,0,0,1,3,0,0,37,0,86
17031390200,0,25,51,32,1,39,2,5,0,0,0,1,1,0,9,13,0,11,0,47,0,0,0,8,0,1,69,4,319
17031841600,0,22,59,16,0,30,7,2,0,1,1,1,0,0,8,40,0,1,0,19,1,0,1,13,0,0,33,2,257
17031430700,0,23,77,24,4,39,6,9,2,2,0,0,0,0,14,21,0,1,0,33,0,0,2,12,2,0,64,3,338
17031430300,1,38,161,77,6,61,14,16,1,1,3,1,1,2,18,91,0,11,0,59,0,0,3,31,1,0,101,8,706
17031200401,2,19,58,27,1,51,5,12,0,0,1,0,3,0,30,31,0,4,0,22,4,0,5,9,1,0,36,11,332
17031170500,0,10,36,30,0,54,4,9,0,1,0,0,1,0,4,9,0,0,0,19,0,0,2,2,0,0,36,0,217
17031200402,3,24,103,34,3,44,6,8,0,0,0,1,2,0,30,49,0,6,0,36,4,0,5,16,1,0,57,6,438
17031242100,0,18,46,17,1,54,4,18,0,0,2,0,0,3,22,16,0,3,0,16,2,0,0,13,0,1,135,1,372
17031836100,1,74,190,31,0,66,18,11,3,1,0,1,0,0,28,75,0,3,0,42,6,0,5,39,1,2,117,10,724
17031190300,1,31,73,63,1,73,2,22,0,2,0,1,0,1,38,28,0,3,0,38,0,0,3,24,0,1,74,5,484
17031841800,1,51,147,34,4,86,10,15,2,0,4,0,0,0,26,84,0,8,0,56,2,0,6,27,2,0,79,11,655
17031221100,1,20,63,61,7,48,10,11,0,0,0,0,0,1,33,30,0,6,0,35,0,0,0,17,3,0,98,1,445
17031071000,0,3,19,23,2,29,5,7,0,0,0,0,0,1,6,17,0,0,0,3,0,0,3,6,0,1,115,0,240
17031420400,0,23,53,15,1,27,14,10,1,0,1,0,0,0,10,39,0,3,0,22,0,0,5,8,1,0,39,5,277
17031611100,1,22,50,10,1,21,4,1,0,1,3,0,0,0,28,48,0,7,0,12,0,0,4,3,0,0,29,7,252
17031711100,0,29,103,55,2,42,8,9,1,2,1,1,0,0,22,76,0,3,0,27,0,0,3,24,2,0,77,10,497
17031660700,0,43,136,31,1,53,21,11,3,1,1,1,1,1,39,104,0,3,0,40,2,0,6,27,1,0,79,5,610
17031230500,1,39,95,23,0,59,11,23,0,0,2,0,0,1,34,57,0,4,0,29,7,0,6,27,0,0,129,8,555
17031381200,0,18,61,20,2,31,5,5,0,2,1,0,0,0,33,23,0,1,0,26,1,0,0,10,1,0,47,4,291
17031050900,0,1,9,5,0,14,1,6,0,0,0,0,0,0,7,2,0,0,0,1,0,0,1,0,0,0,28,0,75
17031491000,7,108,423,113,6,160,43,25,4,2,5,1,1,0,50,243,0,12,0,96,1,0,16,56,3,3,145,51,1574
17031400500,0,35,150,43,1,65,24,8,8,3,4,0,0,4,45,141,0,3,0,33,0,0,4,21,0,0,53,15,660
17031031700,0,48,100,38,1,70,19,28,0,2,1,1,0,5,20,99,0,1,0,48,3,0,6,7,3,0,117,5,622
17031020302,1,9,32,17,0,55,4,6,0,0,1,0,0,1,19,14,0,3,0,22,0,0,1,4,1,1,73,0,264
17031061902,0,3,17,4,1,10,3,10,0,0,0,0,0,0,5,2,0,0,0,4,0,0,0,5,1,0,58,0,123
17031061901,0,6,23,3,0,17,6,12,0,0,0,0,0,1,5,2,0,0,0,14,0,0,3,4,0,0,60,0,156
17031020301,1,8,11,16,0,34,6,10,0,0,0,0,0,0,11,3,0,1,0,12,0,0,0,4,1,0,45,0,163
17031838600,0,17,99,26,0,41,4,4,3,0,1,0,0,1,22,190,0,5,0,15,0,0,3,14,0,0,37,4,486
17031590600,1,18,57,18,1,31,4,4,0,0,1,0,0,3,13,31,0,8,0,21,0,0,0,3,1,1,44,0,260
17031720500,0,4,9,10,0,22,3,4,0,0,0,1,1,1,3,6,0,0,0,4,0,0,1,3,0,0,30,0,102
17031560900,0,18,34,18,0,30,6,16,0,0,0,0,0,1,7,10,0,3,0,20,0,0,2,5,0,3,53,2,228
17031580800,0,11,37,5,0,17,1,18,0,0,0,1,1,0,20,17,0,1,0,5,1,0,2,5,1,0,38,2,183
17031839700,0,24,73,38,5,42,7,9,0,0,2,1,0,2,20,32,0,2,0,30,1,0,9,5,1,0,71,4,378
17031010201,0,39,140,45,4,85,22,12,0,0,3,0,0,0,25,77,1,7,0,44,0,0,3,21,1,0,99,12,640
17031010202,1,37,105,23,1,72,25,19,0,1,2,0,0,2,14,100,0,3,0,32,7,0,7,30,5,0,277,4,767
17031130200,0,8,16,12,0,20,2,9,0,0,0,0,0,0,4,11,0,0,0,2,0,0,0,5,1,1,39,0,130
17031250400,0,40,182,111,4,99,14,20,16,0,2,0,2,1,41,203,0,5,0,62,0,0,10,42,5,1,165,11,1036
17031835900,2,46,146,41,1,77,19,16,2,2,2,0,0,1,44,121,0,4,0,45,13,0,0,21,1,1,112,3,720
17031242400,0,35,69,27,3,43,7,24,0,0,0,1,1,0,22,32,0,1,0,7,0,0,4,15,3,0,103,3,400
17031080201,0,1,8,4,0,12,2,16,0,0,0,0,0,0,1,3,0,1,0,10,0,0,0,3,1,0,58,0,120
17031310500,0,13,30,8,0,23,3,0,0,0,0,0,0,4,8,21,0,1,0,7,0,0,11,2,0,0,21,2,154
17031500300,0,35,57,13,2,33,20,11,0,0,4,3,0,0,16,19,0,12,0,28,0,0,2,8,0,0,50,1,314
17031221600,0,9,36,22,1,36,2,8,0,0,0,0,0,1,20,5,0,0,0,10,1,0,1,9,1,0,65,2,229
17031834800,2,46,134,36,4,67,11,11,2,2,1,1,3,0,22,94,0,4,0,34,1,0,5,23,1,0,89,14,607
17031070500,0,0,3,19,2,25,2,15,0,0,0,0,0,0,9,0,0,0,0,1,0,0,0,5,0,0,64,0,145
17031460200,1,49,151,70,2,74,35,8,0,3,3,3,2,0,8,67,0,6,0,27,4,0,4,6,0,1,46,10,580
17031240200,0,4,18,12,0,23,4,8,0,0,0,0,2,0,20,4,0,0,0,5,36,0,1,7,0,0,69,1,214
17031620100,0,15,41,44,2,48,10,14,0,0,0,0,1,0,38,24,0,4,0,10,0,0,6,20,5,0,62,1,345
17031836200,0,13,15,11,1,28,22,10,0,0,0,0,0,0,29,6,0,1,0,9,0,0,2,5,5,0,144,0,301
17031842600,1,42,93,26,0,86,9,36,0,0,2,1,0,3,59,40,0,4,0,44,2,0,4,14,1,2,209,11,689
17031570100,0,8,24,11,0,29,2,5,0,0,0,1,0,1,12,8,0,0,0,5,13,0,0,7,0,0,67,1,194
17031420300,0,10,29,19,3,29,2,8,0,0,1,0,1,1,8,7,0,2,0,13,0,0,1,6,0,0,29,4,173
17031243500,0,15,41,19,1,89,15,16,0,0,0,0,0,0,44,3,0,1,0,14,1,0,1,13,0,0,306,0,579
17031490700,1,31,121,46,3,79,38,10,4,1,0,0,0,1,36,86,0,0,0,37,0,0,4,17,3,0,75,6,599
17031240700,0,20,48,22,1,34,7,3,0,0,0,0,0,3,12,36,0,0,0,9,4,0,2,3,0,0,56,1,261
17031830700,0,71,212,20,2,78,33,58,0,1,2,1,1,2,16,181,0,6,0,36,5,0,23,58,3,0,274,6,1089
17031460500,1,69,184,112,6,165,19,29,1,2,1,0,1,1,76,67,0,7,0,66,6,0,7,69,3,0,152,9,1053
17031030900,0,10,32,16,1,25,2,22,0,1,1,0,0,0,11,9,0,3,0,13,0,0,3,4,1,0,82,0,236
17031161200,1,13,26,26,0,24,4,1,0,1,0,0,0,1,30,19,0,3,0,11,0,0,1,6,0,0,29,2,198
17031283800,0,12,50,14,1,37,12,5,0,1,0,0,0,0,17,6,0,4,0,21,0,0,2,10,0,0,63,2,257
17031520600,0,17,28,12,2,30,5,2,0,0,0,1,0,0,6,24,0,2,0,10,0,0,13,3,0,0,34,2,191
17031460700,2,54,151,63,7,77,23,10,3,0,0,2,0,0,16,71,0,5,0,45,22,0,5,21,3,0,63,12,655
17031020901,0,22,71,60,3,82,11,10,0,1,2,0,0,1,15,38,0,2,0,40,1,0,3,25,0,0,93,3,483
17031020902,1,14,36,26,1,41,2,13,0,0,2,0,1,1,18,12,0,2,0,23,0,0,2,22,2,2,87,5,313
17031480400,1,41,99,98,1,108,8,20,1,1,0,0,1,0,58,27,0,7,0,56,0,0,0,28,0,1,162,6,724
17031661100,1,34,102,105,2,93,4,7,0,5,1,2,0,2,56,37,0,6,0,37,1,0,5,32,4,0,81,3,620
17031251500,0,71,276,55,7,112,17,17,13,5,4,0,0,2,39,468,0,6,0,62,0,0,15,66,0,0,142,14,1391
17031835600,1,38,121,25,1,43,61,25,0,1,2,0,0,0,37,146,0,26,0,27,0,0,9,37,3,0,123,8,734
17031833100,1,30,80,20,2,60,8,33,0,1,1,0,0,1,31,19,0,4,0,36,1,0,8,14,2,0,293,0,645
17031530100,3,41,106,27,2,76,19,6,2,1,5,0,1,2,26,101,0,3,0,31,23,0,5,20,1,0,79,9,589
17031611500,0,16,57,17,2,40,7,8,0,0,1,0,0,1,42,60,0,2,0,24,1,0,4,8,0,0,50,6,346
17031839200,0,39,93,7,2,43,11,8,3,0,0,1,0,0,32,34,0,4,0,39,0,0,7,12,1,0,135,3,474
17031061000,0,17,31,16,1,26,16,29,1,1,0,0,0,2,7,13,0,0,0,15,1,0,6,13,1,1,114,2,313
17031051400,1,14,27,10,0,29,21,5,0,0,0,0,1,0,0,11,0,1,0,5,0,0,7,8,0,0,40,5,185
17031841200,0,28,107,17,3,63,16,14,0,0,0,0,1,6,25,75,0,7,0,55,4,0,35,10,3,0,65,9,543
17031242700,1,22,65,11,0,28,5,4,0,0,0,0,1,2,6,44,0,1,0,14,0,0,1,7,0,0,47,1,260
17031836700,2,53,142,31,3,87,15,11,5,3,2,0,2,2,33,220,0,5,0,39,0,0,3,29,0,0,134,10,831
17031252000,2,94,259,89,5,110,31,33,5,0,6,0,0,1,46,212,0,7,0,79,0,0,14,79,2,0,152,9,1235
17031730600,0,36,102,45,4,68,28,19,1,1,2,0,0,0,26,76,0,8,0,54,2,0,1,19,1,0,76,8,577
17031063303,0,3,14,0,0,4,1,1,0,0,0,0,0,0,4,0,0,0,0,4,0,0,0,0,0,1,37,0,69
17031063302,0,3,16,3,2,12,1,7,0,0,0,0,0,0,7,0,0,0,0,10,1,0,0,4,0,0,39,0,105
17031063301,0,2,12,3,3,10,2,11,0,0,0,0,0,0,5,2,0,0,0,7,0,0,0,3,0,0,42,0,102
17031840300,0,23,68,19,1,51,7,7,0,0,0,0,0,1,33,37,0,2,0,29,0,0,1,7,2,1,56,3,348
17031431200,0,26,111,76,5,66,6,16,1,0,0,0,0,0,27,77,0,2,0,38,1,0,10,29,0,0,92,5,588
17031650500,0,30,88,28,0,81,44,38,0,1,0,0,0,1,45,25,0,5,0,26,0,0,4,14,2,0,416,3,851
17031839800,0,19,40,25,1,39,7,7,0,0,1,0,0,1,5,9,0,4,0,15,0,0,3,4,1,0,51,2,234
17031611300,2,27,126,40,2,61,3,9,1,0,1,0,0,1,68,58,0,10,0,28,8,0,6,23,1,0,47,7,529
17031221000,0,30,61,24,1,31,1,3,1,0,0,0,0,2,25,35,0,5,0,24,2,0,1,7,0,0,44,1,298
17031161100,0,17,44,21,0,29,6,5,0,0,0,0,0,1,13,30,0,0,0,5,0,0,10,8,0,0,70,1,260
17031080202,0,7,60,1,1,16,9,42,0,0,1,0,0,1,10,7,0,1,1,11,12,0,1,15,4,0,181,0,381
17031411100,0,2,9,11,1,15,1,7,0,0,0,0,1,0,9,2,0,0,0,2,0,0,0,7,0,0,41,1,109
17031610400,0,19,64,7,1,21,3,3,0,0,1,0,0,3,13,31,0,3,0,10,8,0,7,9,0,0,24,3,230
17031140100,3,4,44,17,5,31,5,8,0,1,1,0,0,3,15,40,1,6,0,16,0,0,5,10,0,0,29,1,245
17031222600,1,6,20,18,1,26,2,2,0,1,1,0,0,0,11,7,0,3,0,15,0,0,0,2,0,0,33,0,149
17031030603,0,8,38,5,1,26,6,16,0,0,0,0,0,0,3,13,1,1,0,19,0,0,1,12,0,0,28,1,179
17031071100,0,10,48,19,1,32,5,30,1,0,0,0,0,1,14,10,0,0,0,1,0,0,1,23,1,0,208,0,405
17031030601,1,16,51,13,0,42,13,6,0,1,0,0,0,1,9,22,0,0,0,25,0,0,3,8,1,0,44,1,257
17031030604,0,13,37,7,0,14,5,8,0,0,1,0,0,0,2,16,0,4,0,12,0,0,0,4,2,0,40,2,167
17031700301,0,18,46,20,0,44,6,12,0,0,0,0,1,1,10,15,0,1,0,24,0,0,7,8,4,0,60,5,282
17031700302,0,21,45,41,2,47,5,12,0,1,0,0,0,2,19,19,0,5,0,18,2,0,4,4,2,0,54,5,308
17031130300,0,11,32,43,1,43,6,10,0,0,0,0,0,1,20,10,0,3,0,34,2,0,2,10,1,0,57,3,289
17031530400,0,32,69,20,3,44,6,16,0,1,0,1,0,0,17,16,0,0,0,24,0,0,2,11,1,0,65,2,330
17031440700,1,15,43,26,0,19,4,13,0,0,1,0,0,0,17,12,0,2,0,17,0,0,0,24,1,0,43,2,240
17031081900,0,27,76,6,1,27,207,4,3,1,1,0,0,3,5,104,0,2,0,3,0,0,2,10,0,1,36,3,522
17031110200,1,9,29,9,1,30,3,20,0,0,0,0,0,7,8,5,0,0,0,26,0,0,2,2,0,0,38,0,190
17031170800,1,8,46,9,0,43,5,10,0,0,0,0,0,0,16,8,0,2,0,17,0,0,1,4,3,0,36,1,210
17031590700,0,14,32,27,2,53,1,3,0,1,1,0,0,0,15,13,0,2,0,18,0,0,1,6,1,0,39,3,232
17031310300,0,12,25,15,0,31,6,2,0,0,0,0,0,0,18,23,0,1,0,12,0,0,4,4,0,0,48,1,202
17031590500,1,12,37,15,1,23,3,14,0,3,1,0,0,3,15,41,0,1,0,14,0,0,2,8,1,0,47,1,243
17031120300,0,8,8,34,0,34,2,9,0,1,0,0,0,1,4,8,0,4,0,19,0,0,0,0,1,0,65,0,198
17031060200,1,3,18,16,0,28,6,10,0,0,0,0,0,0,12,9,0,0,0,8,0,0,0,1,0,0,76,1,189
17031060800,0,11,20,1,1,19,2,15,0,0,0,0,0,0,5,8,0,0,0,8,0,0,0,4,0,1,52,1,148
17031750400,0,14,24,14,0,35,5,7,0,0,1,0,0,1,4,8,0,2,0,18,0,0,1,8,0,0,79,1,222
17031837000,0,51,157,29,6,57,10,14,11,1,1,0,1,1,35,244,0,4,0,45,38,0,0,43,1,0,87,10,846
17031640600,1,18,57,22,0,38,4,7,0,0,1,0,0,0,7,10,0,4,0,14,1,0,14,4,0,0,48,1,251
17031222500,0,15,35,12,0,16,13,5,0,0,0,0,0,1,20,6,0,0,0,10,0,0,0,8,0,0,24,1,166
17031140602,2,21,86,25,0,51,10,6,0,0,0,0,0,1,26,57,0,2,0,42,1,0,5,14,1,0,40,7,397
17031140601,3,9,30,10,1,32,7,5,0,0,2,0,0,2,11,25,0,0,0,20,0,0,1,7,1,0,32,0,198
17031490800,2,41,133,68,1,70,25,26,2,1,1,1,3,2,37,117,0,5,0,49,12,0,6,30,1,0,109,6,748
17031063000,0,9,48,19,3,37,14,29,0,0,1,0,0,1,18,23,0,1,0,13,3,0,11,23,5,0,243,2,503
17031071400,0,6,13,13,0,46,2,17,0,0,0,0,0,2,18,5,0,0,0,11,0,0,0,2,0,0,184,1,320
17031670300,0,28,100,32,0,48,10,6,1,2,0,0,0,0,16,78,0,2,0,9,9,0,1,19,0,0,65,5,431
17031271200,3,28,113,17,4,29,5,8,1,2,0,0,0,0,21,127,0,1,0,30,14,0,2,28,0,0,73,4,510
17031140800,0,18,56,47,1,51,9,15,0,0,4,0,0,2,32,18,0,4,0,35,0,0,4,17,2,0,88,0,403
17031560400,0,6,10,8,0,9,3,13,0,0,0,0,0,0,12,4,0,1,0,7,58,0,1,5,0,0,18,0,155
17031260300,0,38,103,28,2,46,10,11,3,3,2,1,0,0,22,120,0,3,0,18,3,0,1,20,2,0,74,3,513
17031671900,0,23,72,39,0,36,11,9,1,0,1,0,1,0,16,25,0,2,0,13,0,0,0,31,1,0,47,4,332
17031842500,2,71,276,53,2,94,66,22,1,2,3,1,3,1,43,93,0,12,0,73,7,0,8,47,0,0,96,12,988
17031460100,3,63,173,89,6,78,9,16,3,2,0,1,0,2,25,100,0,10,0,57,15,0,4,40,3,0,93,12,804
17031843700,0,19,42,10,1,37,7,21,0,0,1,2,0,0,5,22,0,2,0,27,0,0,5,5,1,0,168,3,378
17031710300,0,31,83,51,0,38,10,4,1,2,0,1,0,0,23,44,0,5,0,27,2,0,0,14,0,1,39,7,383
17031630800,5,28,86,55,2,81,3,4,0,2,1,0,1,0,51,49,0,7,0,33,3,0,11,33,2,0,61,5,523
17031381400,2,34,105,27,1,37,26,13,0,1,2,0,1,3,22,70,0,2,0,16,15,0,4,32,0,0,60,5,478
17031740400,0,18,49,18,1,37,9,15,0,0,0,1,1,4,9,19,0,4,0,35,0,0,1,4,0,0,71,5,301
17031030200,2,18,44,40,0,54,12,23,0,1,0,0,0,2,19,14,0,1,0,21,1,0,2,31,1,0,130,1,417
17031191000,2,13,45,14,1,29,6,13,0,0,0,0,0,0,20,39,0,2,0,14,11,0,7,7,1,0,95,2,321
17031440201,2,78,196,62,6,98,16,27,1,1,4,2,0,0,46,119,0,9,0,75,12,0,2,65,2,1,158,11,993
17031440202,0,50,89,34,3,70,12,29,0,0,1,0,0,0,36,24,0,2,0,43,2,0,1,51,3,1,211,4,666
17031190800,3,33,84,52,2,75,10,25,0,0,1,0,1,1,70,34,0,4,0,54,11,0,3,16,1,0,56,3,539
17031839600,0,37,117,13,3,59,38,18,5,0,0,0,0,2,23,101,0,4,0,21,1,0,5,16,1,1,115,2,582
17031720300,0,8,16,21,0,21,5,18,0,0,0,0,3,0,8,7,0,2,0,13,0,0,0,4,0,0,71,1,198
17031837300,1,50,141,38,4,68,15,7,6,0,6,3,0,0,33,93,0,10,0,41,0,0,5,23,0,0,76,6,626
17031151100,2,20,73,33,1,74,5,15,0,0,0,0,0,0,36,38,0,3,0,32,0,0,2,11,1,1,65,4,416
17031060100,0,6,18,12,0,27,4,4,0,0,0,0,0,0,5,16,0,1,0,10,0,0,0,4,0,0,70,0,177
17031062900,0,6,16,25,3,21,27,27,0,0,0,0,0,0,11,4,0,0,0,8,0,0,2,12,1,0,104,0,267
17031650100,1,16,65,33,2,59,5,15,0,0,0,2,1,1,19,26,0,5,0,16,0,0,7,12,1,0,49,0,335
17031150401,0,18,49,15,0,34,7,9,1,0,0,0,0,1,12,9,0,1,0,36,0,0,0,5,2,0,44,0,243
17031150402,1,7,35,17,0,33,8,9,0,1,0,0,0,1,23,12,0,2,0,12,1,0,0,3,0,0,52,0,217
17031841000,0,17,53,2,0,30,24,9,0,0,0,0,0,0,12,14,0,0,0,19,0,0,1,8,1,0,140,1,331
17031220601,0,7,18,35,0,21,2,8,0,0,0,0,0,0,15,11,0,1,0,8,0,0,0,11,2,0,38,0,177
17031220602,0,25,82,78,1,68,13,13,0,0,2,1,1,3,42,22,0,5,0,27,0,0,4,47,2,0,148,2,586
17031836800,1,45,187,42,4,64,13,174,5,0,1,0,2,0,27,149,0,2,0,35,0,0,3,53,1,0,132,7,947
17031340500,0,11,27,8,0,20,5,11,0,0,1,0,0,0,17,14,0,0,0,13,0,0,1,17,0,0,56,0,201
17031710600,1,59,159,69,2,60,25,13,3,0,3,1,1,0,24,131,0,4,0,34,0,0,6,18,3,1,87,10,714
17031063100,0,9,19,16,0,27,7,26,0,0,0,0,0,0,6,5,0,1,0,6,0,0,0,14,0,1,83,0,220
17031010503,0,10,26,29,0,23,3,9,0,0,3,0,0,0,4,16,0,0,0,9,0,0,1,6,2,0,63,1,205
17031671400,3,40,133,51,2,79,17,11,3,2,2,0,0,2,24,92,0,2,0,19,0,0,1,22,1,0,96,12,614
17031010501,1,24,70,18,3,33,16,27,1,0,2,0,0,0,10,36,0,1,0,24,0,0,2,25,0,0,62,3,358
17031750100,0,42,133,59,5,71,14,18,4,3,0,1,1,1,28,103,0,7,0,68,1,0,10,23,4,0,101,7,704
17031081300,0,12,27,1,1,8,19,43,0,0,0,0,0,1,6,2,0,0,0,16,5,0,4,5,2,0,473,1,626
17031834200,0,106,311,115,5,145,54,35,5,1,4,0,0,1,68,204,0,7,0,77,0,0,25,57,3,0,296,18,1537
17031090300,0,1,3,1,0,2,0,1,0,0,0,0,0,0,2,1,0,1,0,6,0,0,1,0,0,0,3,0,22
17031560100,0,3,9,11,0,14,1,2,0,0,0,0,0,0,10,8,0,2,0,9,4,0,0,2,0,0,21,0,96
17031071300,0,3,11,16,2,33,2,16,0,0,0,0,0,0,13,1,0,0,0,11,1,0,2,7,0,0,92,0,210
17031100300,0,15,45,32,1,32,7,12,0,0,0,2,1,0,3,8,0,1,0,14,0,0,2,1,4,0,64,0,244
17031100700,0,4,17,13,0,27,4,9,0,0,0,0,1,0,3,5,0,2,0,22,0,0,0,0,0,0,36,0,143
17031600900,0,27,68,14,2,65,20,6,0,1,1,0,0,0,10,34,0,2,0,25,0,0,8,7,1,0,45,3,339
17031842000,0,5,30,4,0,32,8,15,0,0,0,0,0,0,9,20,0,2,0,9,0,0,2,14,3,0,96,2,251
17031660301,2,30,69,27,1,38,7,13,0,1,3,0,0,0,24,59,0,0,0,26,10,0,11,21,1,0,60,3,406
17031660302,2,28,107,73,2,80,9,16,1,4,5,0,0,0,78,60,0,9,0,49,15,0,15,35,1,0,80,8,677
17031230100,0,9,30,20,0,25,13,6,0,0,0,0,0,0,9,29,0,3,0,14,1,0,4,3,0,0,23,1,190
17031750600,0,64,128,77,4,87,28,18,3,1,1,0,1,0,38,130,0,6,0,72,0,0,4,26,3,2,86,11,790
17031243100,0,8,34,11,0,25,1,10,1,0,1,0,0,1,15,5,0,1,0,10,0,0,1,5,0,0,60,0,189
17031831500,0,25,72,22,1,60,6,28,0,0,2,0,2,1,37,12,0,5,0,25,0,0,4,11,2,1,396,1,713
17031430400,0,54,130,90,3,88,16,33,1,1,6,0,0,0,25,70,0,4,0,63,0,0,3,38,2,1,169,18,815
17031160502,0,13,50,16,1,49,3,7,0,0,0,1,1,1,22,32,0,5,0,13,0,0,3,7,0,0,48,3,275
17031160501,0,15,59,31,0,62,7,10,0,0,2,0,0,3,31,29,1,5,0,27,1,0,0,15,2,1,52,0,353
17031210601,0,6,33,33,3,27,2,11,1,0,1,0,0,0,24,14,0,3,0,9,0,0,2,12,0,0,42,4,227
17031421200,0,38,112,44,2,38,57,13,3,0,1,0,0,2,18,123,0,11,0,35,0,0,9,28,1,0,57,9,601
17031660900,1,79,210,107,7,130,15,21,3,2,4,1,1,2,55,258,0,18,0,62,1,0,24,54,8,2,141,24,1230
17031250200,2,23,82,48,4,31,12,12,2,0,1,0,0,1,31,99,0,3,0,42,25,0,1,42,0,0,83,3,547
17031251300,2,62,214,59,2,86,13,20,7,0,4,0,0,1,35,201,0,5,0,74,2,0,6,43,3,0,88,8,935
17031081600,0,18,62,17,2,37,29,66,0,0,3,0,0,1,10,11,0,0,0,18,12,0,4,19,1,0,285,1,596
17031670900,0,25,88,51,3,47,10,2,3,1,0,0,1,2,14,61,0,0,0,22,1,0,0,10,2,2,55,5,405
17031010600,1,40,79,51,0,65,4,20,0,1,1,0,0,0,18,42,0,1,0,29,2,0,7,37,1,0,122,1,522
17031680600,3,37,135,47,2,62,11,6,6,0,2,0,1,0,15,80,0,6,0,17,0,0,6,12,0,0,77,8,533
17031271400,0,36,87,21,1,34,7,5,1,0,2,0,0,2,29,68,0,3,0,18,2,0,1,21,0,1,51,1,391
17031671300,5,53,204,75,5,89,13,7,3,2,2,0,0,0,18,159,1,6,0,42,1,0,10,27,3,0,104,17,846
17031840200,1,9,22,17,0,55,10,9,0,0,0,0,0,0,18,15,0,0,0,9,2,0,1,9,2,0,95,1,275
17031560200,0,8,38,8,0,20,5,6,1,0,1,0,0,0,12,83,0,1,0,16,4,0,4,3,1,0,26,4,241
17031834700,1,60,212,67,0,86,40,7,1,1,4,0,0,0,16,129,0,4,0,54,4,0,17,37,0,0,144,18,902
17031100400,0,1,9,7,0,11,3,6,0,0,0,0,0,0,0,2,0,0,0,9,0,0,0,0,0,0,19,0,67
17031210100,1,23,44,27,1,58,6,23,0,1,0,0,0,0,46,17,0,6,0,18,0,0,5,5,2,0,164,2,449
17031710900,2,27,126,47,4,55,34,13,4,1,4,0,0,0,34,134,0,4,0,48,2,0,6,22,6,0,73,8,654
17031260800,0,34,184,25,3,57,21,7,3,1,5,0,1,0,35,234,0,2,0,33,1,0,3,45,1,0,113,9,817
17031062100,0,29,110,37,3,58,25,51,0,0,1,0,1,5,11,81,0,0,0,19,11,1,10,41,2,1,238,2,737
17031051300,0,5,9,26,0,20,2,10,0,0,0,0,0,0,7,3,0,0,0,5,0,0,3,2,0,0,42,0,134
17031838300,0,24,81,7,2,39,33,6,0,1,0,0,0,0,8,39,0,1,0,17,0,0,2,14,3,1,99,2,379
17031843300,0,36,72,16,2,53,6,6,1,0,0,0,0,0,29,36,0,5,0,14,0,0,2,13,2,0,70,6,369
17031630500,1,23,94,33,4,79,5,12,0,0,1,1,0,1,51,71,0,5,0,31,0,0,14,26,1,0,44,14,511
17031740200,0,9,22,7,1,38,10,15,0,0,0,0,1,4,3,20,0,5,0,10,0,0,2,3,0,0,53,1,204
17031171000,1,16,61,34,0,90,8,21,0,0,0,0,1,1,45,20,0,3,0,31,0,0,3,9,1,0,79,1,425
17031842900,0,66,210,18,7,74,38,24,7,3,3,0,0,3,43,134,0,6,0,40,0,0,19,22,1,0,219,3,940
17031040201,1,23,66,34,2,62,4,20,0,0,0,0,0,6,30,28,0,2,0,25,1,0,12,6,0,0,99,4,425
17031260500,1,37,125,12,8,46,8,6,4,3,2,0,0,2,27,170,0,2,0,22,49,0,2,27,0,0,48,11,612
17031040202,0,23,84,30,2,53,5,19,0,0,1,1,1,2,31,20,0,4,0,31,4,0,4,9,2,1,87,1,415
17031071700,0,2,5,8,0,16,2,6,0,0,0,0,0,0,6,3,0,1,0,3,0,0,0,4,1,0,55,0,112
17031230200,0,27,75,19,1,49,8,3,0,2,0,0,0,2,19,42,0,4,0,24,5,0,10,8,3,0,43,6,350
17031430900,1,27,82,43,2,42,6,7,1,0,2,0,0,0,26,14,0,6,0,24,0,0,3,23,0,2,49,7,367
17031711200,0,39,121,78,1,79,13,26,0,5,0,0,1,2,37,75,0,5,0,53,0,0,6,27,2,0,122,12,704
17031660600,1,81,302,123,8,159,19,32,9,0,5,2,1,1,73,266,0,16,0,76,16,0,24,113,6,0,218,31,1582
17031310900,1,23,88,18,0,71,9,7,0,0,1,0,1,2,19,41,2,4,0,22,0,0,17,10,1,0,54,4,395
17031380100,0,24,86,26,1,43,22,4,0,1,0,0,0,0,20,63,1,2,0,27,0,0,0,8,0,1,57,3,389
17031241100,0,32,111,78,4,101,12,14,0,0,1,0,1,3,22,32,0,4,0,31,3,0,8,18,1,0,99,5,580
17031160601,0,5,33,24,2,40,3,4,0,0,0,0,0,1,16,12,0,4,0,18,0,0,1,4,0,0,57,0,224
17031160602,0,9,44,25,1,46,7,10,0,1,2,0,0,1,25,10,0,4,0,16,0,0,0,9,0,0,82,1,293
17031831000,0,6,29,21,1,41,4,9,1,0,0,0,0,0,23,4,0,1,0,7,0,0,1,4,1,0,104,1,258
17031410200,0,0,7,8,0,6,0,2,0,0,0,0,0,0,0,1,0,1,0,3,0,0,0,4,0,0,38,0,70
17031580501,1,18,111,18,2,52,19,11,0,1,3,0,1,3,34,52,0,7,0,31,0,0,28,14,1,0,55,3,465
17031580502,0,15,68,19,2,36,2,17,0,0,0,1,0,1,31,29,0,4,0,24,1,0,3,19,2,0,42,5,321
17031390600,0,4,24,10,0,21,4,7,0,0,0,0,0,0,11,4,0,1,0,5,0,0,0,3,0,0,64,0,158
17031220902,2,25,72,40,1,28,7,12,0,0,0,0,2,0,29,34,0,2,0,17,0,0,5,16,3,0,47,4,346
17031220901,0,33,76,50,4,40,7,4,0,1,0,1,0,0,25,34,0,2,0,28,1,0,5,13,1,0,46,5,376
17031190702,3,25,98,35,1,65,5,6,0,0,0,0,0,0,26,39,0,0,0,40,0,0,4,14,0,0,34,11,406
17031190701,1,13,31,21,1,42,2,4,0,0,1,0,0,1,19,13,0,3,0,15,0,0,3,6,1,0,23,6,206
17031051200,0,4,6,10,1,12,1,2,0,0,0,0,0,0,5,1,0,0,0,4,0,0,0,2,0,0,31,1,80
17031020702,2,32,75,33,0,55,5,8,0,0,0,0,1,2,18,18,0,3,0,27,2,0,1,12,1,0,91,4,390
17031020701,0,12,36,8,1,19,6,11,0,0,0,0,0,0,6,9,0,0,0,15,0,0,5,3,1,0,40,2,174
17031180100,2,26,61,29,1,72,4,11,0,0,1,1,1,1,32,10,0,1,0,42,0,0,3,10,0,0,58,1,367
17031770902,0,1,2,0,0,1,0,1,0,0,0,0,0,0,1,0,0,0,0,1,0,0,0,0,0,0,0,0,7
17031170100,0,6,19,7,0,14,2,7,0,0,0,1,0,0,7,9,0,0,0,6,0,0,0,7,0,0,73,0,158
17031310400,0,4,24,4,0,16,4,1,0,0,0,0,0,0,11,10,0,0,0,3,0,0,4,0,1,0,20,1,103
17031210602,1,43,100,35,3,69,14,15,0,0,2,0,0,1,33,17,0,2,0,30,2,0,2,15,2,1,74,4,465
17031100100,0,13,39,23,2,31,1,15,0,0,0,1,0,0,8,11,0,5,0,27,0,0,0,1,2,0,52,2,233
17031832100,0,17,35,15,2,30,6,24,0,0,0,0,0,0,8,17,0,0,0,16,0,0,1,18,0,0,87,2,278
17031491400,2,83,233,61,4,113,9,23,2,5,5,1,2,2,54,99,0,5,0,63,15,0,9,54,2,1,231,14,1092
17031838000,1,61,126,14,0,79,15,3,1,0,1,1,0,1,45,36,0,3,0,29,5,0,46,21,4,1,132,5,630
17031230700,2,70,173,52,3,86,16,21,5,2,4,0,2,2,92,248,0,7,0,47,88,0,8,31,6,0,111,13,1089
17031031100,0,17,31,32,0,36,3,15,0,0,0,0,0,2,14,10,0,0,0,11,0,0,1,6,0,0,83,0,261
17031842400,1,111,234,75,4,81,50,99,2,2,1,0,1,2,134,181,0,5,0,41,0,0,11,101,3,2,490,13,1644
17031730400,1,48,105,48,2,55,10,19,1,0,1,0,2,0,51,74,0,5,0,59,0,0,12,24,2,0,113,14,646
17031831300,0,23,50,20,0,38,6,30,0,0,0,0,0,4,26,36,0,0,0,9,10,0,3,30,1,3,289,1,579
17031843400,0,27,95,28,3,41,8,8,1,4,0,0,0,0,31,83,0,5,0,26,1,0,1,20,0,0,76,4,462
17031561000,2,15,44,16,0,36,0,13,0,1,0,0,0,3,9,8,0,4,0,19,0,0,0,7,0,0,53,1,231
17031410700,0,19,19,16,2,13,7,10,0,0,0,0,1,0,5,4,0,1,0,13,0,0,0,12,1,0,55,0,178
17031160100,0,8,36,15,1,34,6,10,0,0,0,0,1,0,21,7,0,0,0,7,0,0,0,7,0,0,53,0,206
17031730500,0,38,79,75,4,93,11,23,1,0,1,0,2,0,60,75,0,11,0,55,0,0,4,34,4,0,94,16,680
17031841700,2,22,68,14,3,30,3,6,0,0,0,0,0,1,23,21,0,2,0,19,7,0,8,12,1,0,56,3,301
17031691000,1,39,122,54,2,64,27,17,1,0,4,1,1,0,59,59,0,1,0,36,1,0,2,42,0,0,111,14,658
17031081000,0,24,59,16,0,48,24,39,1,0,0,0,0,1,16,35,0,2,0,22,4,0,3,27,2,0,196,1,520
17031600400,1,11,24,33,1,40,2,7,0,0,0,0,0,0,11,10,0,0,0,16,0,0,0,5,0,0,41,0,202
17031810400,0,1,4,0,0,7,0,5,0,0,0,0,0,0,0,0,0,0,0,3,1,0,0,0,0,0,23,0,44
17031242000,0,19,53,28,1,78,9,8,0,0,1,0,0,1,16,16,0,4,0,23,2,0,1,13,5,0,183,2,463
17031051100,0,2,7,8,0,8,2,5,0,0,0,0,1,0,4,2,0,0,0,4,1,0,0,2,0,0,38,0,84
17031190200,0,28,60,53,0,63,7,6,0,0,1,0,3,0,48,38,0,11,0,31,7,0,6,27,2,0,76,4,471
17031841900,1,39,97,21,0,56,112,79,0,0,0,3,1,3,49,58,0,2,0,89,1,0,7,49,2,0,600,9,1278
17031832400,3,24,43,24,0,56,2,6,0,0,1,1,0,1,28,19,0,2,0,17,1,0,0,9,0,0,78,2,317
17031420700,3,113,348,105,8,173,73,22,2,3,8,2,0,0,42,367,0,5,0,84,14,0,17,76,1,0,160,29,1655
17031611000,2,24,55,19,0,37,5,2,0,1,1,0,0,2,17,35,0,2,0,19,1,0,3,6,0,0,46,15,292
17031070101,0,4,18,4,0,42,6,14,0,0,0,0,0,1,33,6,0,0,0,13,0,0,0,6,1,0,116,0,264
17031070103,0,2,3,5,0,14,2,6,0,0,0,0,0,0,1,0,0,0,0,2,0,0,1,2,0,2,25,0,65
17031070102,0,4,11,7,1,18,1,26,0,0,0,0,0,0,9,2,0,1,0,11,0,0,1,1,0,0,51,2,146
17031020801,1,18,52,48,1,55,9,10,0,0,1,0,0,0,20,30,0,3,0,36,0,0,1,11,0,0,51,0,347
17031390100,0,11,32,13,1,16,6,6,0,0,0,0,0,0,6,8,0,1,0,9,0,0,0,12,1,0,47,0,169
17031020802,1,38,97,57,6,82,5,11,0,0,2,0,0,4,36,57,0,8,0,35,0,0,5,29,1,0,95,1,570
17031310700,0,11,31,9,1,13,9,3,0,0,0,1,1,0,9,21,0,2,0,9,0,0,16,4,0,0,25,1,166
17031030300,1,14,27,19,0,27,3,4,0,0,0,0,0,0,8,9,0,2,0,21,0,0,2,7,2,0,31,0,177
17031292500,2,46,173,55,6,58,19,22,3,3,1,0,0,1,47,125,0,4,0,44,1,0,3,39,1,0,90,9,752
17031150700,0,18,48,22,1,48,3,11,0,0,0,0,0,2,26,17,0,1,0,32,0,0,4,3,1,0,50,2,289
17031400400,1,34,94,44,2,70,30,10,3,1,0,0,0,1,27,76,0,6,0,35,55,0,2,15,1,0,70,7,584
17031672000,0,56,188,86,3,115,14,10,0,3,1,1,1,0,46,87,0,4,0,43,6,0,6,32,1,0,110,14,827
17031640800,0,5,13,13,1,20,2,3,0,0,0,0,2,0,10,6,0,1,0,5,0,0,1,4,0,0,23,0,109
17031062500,0,4,14,8,0,13,3,6,0,0,0,0,0,1,2,2,0,0,0,6,0,0,0,4,0,0,73,0,136
17031700402,0,27,39,33,0,47,10,22,0,0,0,0,1,1,13,18,0,5,0,31,0,0,2,10,0,0,90,3,352
17031630300,2,35,90,37,1,80,10,6,0,0,1,0,1,1,38,65,0,6,0,30,1,0,7,34,2,0,188,5,640
17031283200,1,8,21,14,0,40,3,2,0,0,1,0,0,0,8,3,0,0,0,7,0,0,3,3,0,0,57,0,171
17031700401,1,50,141,73,1,91,13,11,1,1,1,0,0,1,37,68,0,5,0,30,0,0,22,37,4,0,102,5,695
17031490300,0,11,64,38,2,64,26,10,0,1,0,0,0,0,22,41,0,1,0,22,0,0,1,26,2,0,83,4,418
17031360200,0,15,54,14,1,28,10,1,2,1,0,0,0,0,4,13,0,0,0,10,0,0,1,8,0,0,29,1,192
17031838700,4,94,405,72,7,125,28,22,15,2,4,0,0,4,63,610,0,6,0,96,2,0,13,45,4,1,167,20,1809
17031110100,1,13,34,19,2,55,3,11,0,0,0,0,1,3,6,7,0,3,0,33,0,0,4,1,2,0,47,0,245
17031031900,0,1,20,16,1,28,3,8,0,0,2,1,0,0,8,6,0,1,0,17,1,0,0,3,0,0,60,0,176
17031830800,0,6,5,14,2,23,1,9,0,0,0,0,0,0,10,4,0,2,0,14,0,0,7,7,2,0,68,1,175
17031680500,2,24,86,24,3,42,7,4,1,1,3,0,0,0,7,88,1,2,0,27,1,0,4,13,0,0,35,6,381
17031010300,0,27,81,27,3,70,13,15,1,0,0,1,0,0,20,60,1,3,0,37,0,0,0,28,3,0,109,1,500
17031612100,0,22,77,17,0,34,7,6,2,1,1,0,0,1,16,95,0,4,0,23,1,0,5,8,0,0,56,10,386
17031242300,0,6,22,33,0,36,1,15,0,0,0,0,0,0,29,2,0,0,0,10,1,0,0,8,1,0,86,3,253
17031730202,0,25,82,59,2,62,14,13,0,0,2,0,0,0,16,34,0,4,0,34,0,0,0,17,2,0,67,7,440
17031730201,5,45,170,94,1,107,14,25,0,3,2,0,1,2,41,93,0,10,0,60,0,0,5,27,1,0,138,8,852
17031835800,0,24,90,19,0,46,15,8,2,0,0,0,0,1,26,66,0,3,0,23,13,0,0,28,0,0,55,6,425
17031834400,0,43,100,49,4,109,10,17,0,0,0,0,0,0,25,26,0,5,0,57,0,0,5,19,3,2,80,9,563
17031835200,0,10,34,23,0,36,2,7,0,0,0,0,0,1,16,10,0,1,0,11,17,0,4,5,2,0,49,0,228
17031411000,0,11,21,18,1,18,4,11,0,1,1,0,0,1,12,17,0,3,0,17,0,0,2,9,1,0,92,2,242
17031210800,1,3,17,9,0,13,3,5,0,0,0,0,0,0,13,7,0,1,0,11,2,0,0,4,0,0,28,0,117
17031340300,0,4,3,11,0,31,3,2,0,0,0,0,0,0,9,0,0,0,0,5,0,0,0,3,0,0,15,0,86
17031840800,1,17,56,14,4,34,3,6,0,2,0,0,1,4,29,31,0,1,0,18,0,0,19,11,2,0,40,4,297
17031540101,1,92,219,37,2,80,38,11,2,0,1,1,0,0,22,55,0,9,0,47,0,0,6,33,5,1,54,12,728
17031070600,0,2,13,52,0,28,7,10,0,0,0,1,0,0,8,2,0,0,0,4,1,0,1,9,0,0,71,0,209
17031540102,0,55,185,48,5,84,25,8,1,2,5,0,0,0,23,73,0,6,0,28,0,0,4,29,1,0,68,14,664
17031580100,0,19,39,35,2,28,2,8,0,0,0,0,0,1,34,22,0,1,0,25,0,0,4,9,4,0,27,0,260
17031770602,0,0,0,0,0,0,0,1,0,0,0,0,0,0,0,1,0,0,0,0,0,0,0,0,0,0,1,0,3
17031280900,2,11,41,7,2,23,16,1,1,0,0,0,0,0,2,32,1,1,0,11,8,0,4,5,0,1,16,2,187
17031836300,0,6,28,13,0,14,0,0,1,0,0,0,0,0,4,19,0,1,0,4,0,0,2,4,1,0,37,0,134
17031190100,2,25,45,24,1,31,5,14,0,1,0,0,1,2,21,29,0,1,0,24,2,0,2,15,0,0,67,1,313
17031221200,0,8,27,30,1,36,1,1,0,0,0,0,0,1,27,10,0,2,0,10,0,0,1,5,1,0,59,0,220
17031380200,0,20,26,11,1,19,12,3,0,1,0,0,0,0,10,15,0,0,0,14,0,0,1,7,0,0,49,1,190
17031300800,1,48,111,20,3,65,5,6,0,0,2,1,0,4,30,82,0,8,0,38,0,0,29,18,2,0,59,5,537
17031241200,0,21,34,22,0,36,7,3,0,0,0,0,1,1,18,7,0,0,0,12,3,0,3,20,5,0,112,2,307
17031690400,2,79,228,103,3,100,32,21,4,1,3,1,0,0,68,113,0,5,0,83,2,0,11,65,1,0,160,14,1099
17031240600,0,13,19,17,1,26,4,5,0,0,1,1,0,0,11,12,0,0,0,8,4,0,1,9,0,0,51,1,184
17031510300,0,94,224,111,5,134,12,53,3,0,0,0,1,0,60,62,0,11,0,75,0,0,4,56,1,2,188,7,1103
17031560800,0,18,42,31,1,59,9,13,0,0,0,0,0,1,16,29,0,3,0,45,1,0,1,8,0,2,63,0,342
17031480300,0,15,75,25,2,49,4,10,2,0,0,1,0,0,20,32,0,2,0,21,0,0,3,18,0,0,55,4,338
17031320600,0,23,71,12,0,47,33,75,1,0,1,1,0,6,25,79,0,0,0,25,9,0,7,30,1,0,335,3,784
17031351000,0,17,43,5,1,23,4,20,0,0,0,0,0,0,15,14,0,2,0,26,0,0,0,16,1,0,130,1,318
17031251400,0,52,155,47,5,67,8,19,3,0,7,0,0,0,32,117,0,4,0,54,4,0,9,37,2,0,109,10,741
17031250800,2,27,169,45,2,53,7,21,5,0,2,0,0,5,15,158,0,7,0,27,18,0,9,41,1,0,186,16,816
17031835500,0,27,88,22,3,37,5,7,0,1,1,0,0,0,52,71,0,4,0,16,0,0,1,17,0,1,97,10,460
17031460600,1,46,122,38,1,35,12,8,0,0,0,0,0,0,17,53,0,1,0,15,0,0,19,4,2,0,54,7,435
17031062200,0,5,40,19,2,40,9,29,0,0,0,0,0,0,9,17,0,0,0,7,1,0,3,15,3,0,136,0,335
17031839100,2,163,238,64,5,113,209,416,0,0,2,6,0,6,42,97,0,2,0,159,8,1,29,121,10,2,1521,7,3223
17031061100,0,7,53,7,1,17,18,24,0,0,0,0,0,0,5,6,0,0,0,10,0,0,7,5,2,0,92,0,254
17031730100,2,26,59,39,6,45,22,11,0,0,0,1,2,0,21,23,0,3,0,27,0,0,3,13,0,0,70,5,378
17031841300,0,28,85,22,2,54,3,5,0,1,0,0,0,2,32,34,0,4,0,21,4,0,5,13,5,0,108,2,430
17031151200,0,13,55,23,1,71,6,14,0,0,2,2,1,0,26,16,0,2,0,16,0,0,3,7,2,0,88,2,350
17031252102,2,85,283,59,4,119,20,33,11,0,10,1,1,1,45,448,1,9,0,148,2,0,7,79,1,0,131,16,1516
17031252101,0,31,73,11,3,35,17,10,3,1,2,0,1,1,16,121,0,6,0,28,0,0,6,23,1,0,46,5,440
17031063400,0,10,20,8,1,25,2,18,0,0,1,0,0,2,9,5,0,0,0,2,0,0,1,9,1,0,128,0,242
17031500100,1,43,97,53,3,70,15,15,2,0,0,0,0,0,24,10,0,7,0,32,0,0,3,13,1,1,64,4,458
17031230800,0,15,35,7,1,19,3,2,0,0,1,0,0,0,16,38,0,3,0,6,0,0,0,3,1,0,14,0,164
17031550200,1,10,23,15,0,32,5,6,1,0,0,0,0,1,16,12,0,0,0,7,0,0,2,4,1,1,71,3,211
17031221400,1,17,39,16,3,48,7,20,0,0,2,0,0,3,25,30,0,3,0,13,0,0,1,10,2,0,161,1,402
17031060400,0,0,14,26,0,25,1,10,0,0,2,0,0,0,8,2,0,2,1,8,0,0,1,6,0,1,81,0,188
17031170400,1,12,31,24,0,46,5,13,0,1,0,1,0,2,13,7,0,0,0,18,0,0,1,3,2,0,39,1,220
17031301702,0,17,39,11,0,25,2,1,0,1,0,0,0,2,25,13,0,4,0,27,0,0,19,12,0,0,24,8,230
17031691100,0,54,176,70,8,91,9,10,0,1,0,0,3,1,68,95,0,7,0,42,1,0,5,32,3,0,73,10,759
17031491300,0,71,198,67,2,96,13,13,2,2,4,1,1,0,46,119,0,5,0,59,1,0,6,28,3,1,79,18,835
17031301701,0,13,69,21,0,30,4,3,0,1,1,0,0,1,26,16,0,4,0,21,0,0,15,19,1,1,32,5,283
17031240500,0,1,19,14,0,42,4,13,0,0,1,0,0,3,18,4,0,0,0,4,1,0,0,8,0,0,130,0,262
17031040700,0,13,28,24,0,30,3,3,0,0,0,0,0,1,10,10,0,0,0,11,0,0,2,6,2,0,59,0,202
17031410800,1,25,42,16,0,27,5,28,0,0,1,0,0,0,13,21,0,0,0,25,0,0,1,9,3,1,107,1,326
17031031800,0,7,8,13,0,18,2,7,0,0,0,0,0,0,12,10,0,0,0,6,0,0,3,5,1,0,58,0,150
17031161000,0,8,19,13,1,25,1,4,0,0,0,0,0,1,11,9,0,0,0,11,0,0,2,4,0,0,69,3,181
17031080100,0,7,12,2,0,14,1,28,0,0,0,0,0,0,14,4,0,0,1,12,4,0,0,5,1,0,40,1,146
17031260200,0,45,103,14,2,36,15,198,6,2,4,0,0,3,21,325,0,2,0,21,0,0,1,36,3,0,104,7,948
17031837400,1,29,133,44,4,53,8,10,0,1,1,0,1,1,32,181,0,2,0,29,14,0,3,24,2,0,96,8,677
17031836400,2,35,80,34,4,42,11,4,1,0,0,0,0,0,21,38,0,4,0,48,0,0,1,9,0,1,83,8,426
17031231200,3,103,378,59,4,154,23,17,21,6,10,0,1,2,63,562,0,8,0,79,4,0,7,65,2,0,148,32,1751
17031140200,0,22,60,26,6,46,14,9,1,0,0,0,0,4,27,42,0,3,0,33,5,0,4,19,6,1,89,1,418
17031030703,0,15,28,15,1,24,3,13,0,0,2,0,0,0,8,16,0,3,0,9,0,0,0,10,1,0,112,1,261
17031030702,0,2,6,0,0,4,0,9,0,0,0,0,0,0,2,0,0,0,0,8,0,0,0,0,0,0,14,0,45
17031030701,0,4,36,5,2,11,1,2,0,0,0,0,0,0,4,8,0,1,0,13,0,0,1,15,3,0,30,1,137
17031580300,0,6,29,19,2,14,2,5,0,0,0,0,1,1,11,14,0,0,0,10,0,0,2,4,2,0,24,2,148
17031222900,0,24,40,13,0,12,2,1,0,0,0,0,0,1,24,16,0,1,0,13,5,0,1,13,0,0,21,4,191
17031030706,0,6,16,6,0,9,2,11,0,0,0,0,0,0,2,9,0,0,0,19,0,0,3,3,0,0,32,0,118
17031530300,1,54,140,61,1,98,15,19,1,3,2,1,1,0,41,46,0,6,0,46,0,0,9,40,1,0,110,15,711
17031830500,1,45,67,23,3,40,8,4,0,1,1,1,0,5,42,26,0,2,0,26,1,0,7,16,1,0,96,4,420
17031640300,0,28,64,34,0,79,6,7,0,0,0,0,0,0,14,26,0,5,0,50,1,0,6,3,1,0,39,3,366
17031070400,0,5,11,13,0,29,6,17,0,0,0,1,0,0,12,3,0,0,0,5,0,0,1,8,1,0,104,0,216
17031110501,1,12,36,14,0,31,3,11,0,0,0,0,1,0,15,3,0,0,0,27,0,0,0,2,0,0,48,0,204
17031110502,0,16,50,9,0,36,12,24,0,0,1,0,0,2,7,22,0,2,0,20,0,0,3,4,6,0,75,1,290
17031050500,4,1,20,34,0,35,5,13,0,0,0,0,0,0,14,8,0,0,0,9,0,0,2,5,2,0,51,0,203
17031282700,0,31,66,32,1,56,4,6,0,1,1,0,0,0,29,21,1,4,0,24,0,0,4,32,2,0,103,4,422
17031611900,0,48,186,63,3,53,17,8,11,3,9,0,0,1,22,212,0,4,0,26,5,0,7,24,0,0,95,19,816
17031170700,1,9,22,11,0,32,0,7,0,0,0,0,0,0,14,5,0,0,0,21,0,0,0,1,1,0,17,0,141
17031310200,0,9,17,3,0,22,8,5,0,0,0,0,0,2,30,6,0,2,0,3,0,0,2,4,1,0,29,1,144
17031251600,0,39,169,46,1,58,18,19,15,1,3,0,1,1,30,379,0,5,0,52,0,0,8,46,1,0,89,10,991
17031831900,0,1,12,25,0,25,5,10,0,0,0,0,0,4,13,7,0,0,0,6,0,0,1,12,0,0,88,0,209
17031440600,0,15,49,36,1,27,11,16,1,0,1,0,0,0,47,36,0,3,0,14,0,0,5,19,1,0,54,4,340
17031836900,2,31,84,10,1,34,27,6,1,2,0,0,0,0,10,99,0,2,0,24,14,0,2,13,1,0,36,4,403
17031640100,0,7,23,5,0,27,5,5,0,0,0,0,0,0,9,9,1,0,0,6,0,0,0,3,0,0,25,0,125
17031252201,1,36,144,21,2,79,34,8,15,2,3,1,0,2,22,207,0,3,0,43,2,0,10,44,1,1,92,7,780
17031252202,0,73,258,56,9,88,14,12,22,1,3,0,1,3,58,451,0,6,0,82,68,0,8,51,1,0,105,20,1390
17031440800,0,21,57,20,2,40,4,12,0,2,1,0,0,0,18,35,0,1,0,19,0,0,2,17,1,1,30,1,284
17031140702,2,25,107,24,3,53,27,11,0,0,1,0,0,1,24,64,0,2,0,29,2,0,10,17,2,0,64,6,474
17031140701,2,17,43,18,0,24,21,16,0,0,1,1,0,4,16,25,0,4,0,17,1,0,5,12,2,0,51,4,284
17031030400,0,4,29,16,0,20,7,8,0,0,0,0,0,2,4,13,0,0,0,13,0,0,6,0,0,0,34,0,156
17031490902,2,56,219,74,4,93,15,33,1,1,5,1,0,0,42,89,0,9,0,74,23,0,7,49,2,0,182,13,994
17031490901,1,61,151,94,4,100,13,29,5,1,3,1,0,0,41,81,0,3,0,56,25,0,5,35,1,0,139,15,864
17031300500,1,9,50,13,0,31,3,7,3,0,0,0,0,0,21,31,0,3,0,19,0,0,2,22,1,0,38,1,255
17031431400,1,73,272,103,1,156,14,34,0,3,1,0,1,0,56,81,0,10,0,83,9,0,4,35,4,0,140,5,1086
17031750500,0,74,183,71,2,95,24,45,6,5,3,2,5,0,33,71,0,17,0,88,0,0,22,23,3,1,258,8,1039
17031610800,0,12,31,5,1,18,1,1,0,0,0,0,0,0,3,12,0,0,0,11,0,0,0,7,2,0,12,0,116
17031671800,0,31,82,25,2,37,5,8,2,0,1,0,0,0,17,35,0,2,0,20,0,0,1,14,4,0,40,11,337
17031833000,0,25,122,26,5,109,10,38,0,0,0,0,0,1,75,17,0,1,0,28,0,0,3,23,1,1,423,3,911
17031520400,0,19,47,36,0,66,3,5,0,0,0,2,0,1,15,16,0,5,0,15,0,0,3,3,3,1,46,0,286
17031340400,0,5,9,11,0,34,3,2,0,0,0,0,0,0,28,3,0,0,0,3,0,0,0,3,0,0,45,0,146
17031710200,0,92,293,127,6,111,35,25,4,1,2,0,3,1,67,140,0,9,0,82,56,0,8,50,4,0,131,10,1257
17031020200,0,16,36,30,1,46,8,13,0,0,1,1,0,2,21,15,0,3,0,13,0,0,0,7,1,0,126,0,340
17031620300,0,22,64,51,2,74,3,14,1,2,0,0,2,2,21,21,0,4,0,31,0,0,2,23,3,0,79,3,424
17031381700,0,7,26,0,0,1,2,0,0,0,0,0,0,0,5,1,0,0,0,1,0,0,0,8,0,0,6,0,57
17031160800,0,22,83,45,2,42,5,12,1,0,0,0,0,3,42,26,0,5,0,23,0,0,1,8,2,0,107,0,429
17031081700,0,22,152,32,3,46,38,92,0,0,1,0,0,3,25,20,0,1,0,34,12,0,5,24,3,0,331,1,845
17031530600,2,47,131,62,4,60,9,10,1,1,0,0,1,0,35,75,0,7,0,47,1,0,2,20,2,0,71,5,593
17031260900,0,15,102,28,0,42,4,7,2,1,0,0,0,2,12,68,0,3,0,18,0,0,0,19,1,0,60,5,389
17031191100,4,28,134,66,2,66,0,14,0,0,1,0,1,4,62,59,0,7,0,57,52,0,3,27,2,0,76,9,674
17031440102,3,52,218,101,7,106,8,20,2,1,1,0,4,0,58,60,0,9,0,52,5,0,7,46,1,4,93,14,872
17031440101,1,101,316,98,2,121,40,20,5,4,4,0,0,0,40,235,0,8,0,92,12,0,10,56,1,0,136,13,1315
17031242900,2,10,21,20,0,25,3,6,0,0,0,0,0,1,14,10,0,1,0,1,0,0,0,6,1,0,48,2,171
17031040800,0,1,8,6,0,13,3,7,0,0,0,0,0,0,8,1,0,0,0,10,0,0,0,0,1,0,44,0,102
17031839500,0,6,39,10,0,33,11,7,1,0,0,0,0,0,12,48,0,2,0,12,0,0,2,11,0,0,58,0,252
17031630200,0,13,32,14,4,35,2,2,0,0,0,1,1,1,31,25,0,3,0,11,0,0,4,6,2,0,31,4,222
17031251900,2,122,407,79,9,124,58,20,40,3,2,0,2,4,64,863,0,15,0,123,1,0,21,113,4,1,181,25,2283
17031681200,1,75,227,96,2,109,18,8,0,3,0,0,1,0,41,97,0,7,0,43,4,0,37,45,3,0,120,11,948
17031720400,1,4,15,9,0,18,6,7,0,0,0,0,0,0,4,4,0,1,0,8,0,0,2,0,0,0,36,0,115
17031690300,3,37,188,57,2,62,28,23,1,0,1,0,3,0,79,76,0,9,0,34,0,0,6,48,1,0,109,8,775
17031282800,0,6,22,15,0,20,6,8,0,0,0,0,0,0,20,8,0,1,0,7,1,0,1,4,0,0,49,0,168
17031251700,1,34,111,36,2,45,8,6,3,1,3,0,0,2,25,102,0,4,0,21,2,0,4,25,0,0,42,7,484
17031650200,0,26,51,52,1,70,3,7,0,4,0,0,1,1,23,27,0,9,0,38,0,0,0,23,1,0,70,1,408
17031351500,0,4,16,7,0,16,4,2,0,0,0,0,0,0,4,4,0,0,0,4,0,0,0,8,1,0,31,1,102
17031220500,1,7,44,24,1,35,3,9,0,0,0,0,1,1,20,6,0,1,0,17,1,0,0,23,1,0,90,1,286
17031691200,0,65,188,87,3,79,19,25,4,0,0,2,0,0,58,116,0,7,0,49,0,0,4,29,1,0,105,7,848
